net,length_um
net1695,485.11µm
net2769,456.3µm
net2793,454.27µm
clknet_0_clk,438.94µm
_3033_,423.46µm
net1538,413.195µm
u_wm0.u_dm.data_mem\[2\]\[27\],393.87µm
_2641_,391.22µm
net1261,384.36µm
net1858,383.11µm
net1789,382.245µm
clknet_3_0__leaf_clk,370.84µm
net1796,355.325µm
net1703,354.2µm
net1649,339.93µm
net1227,338.44µm
net1713,333.65µm
net1864,316.82µm
_2596_,313.02µm
_2943_,311.14µm
_2916_,305µm
net1873,304.37µm
_2420_,301.13µm
net1104,297.96µm
net1625,296.68µm
net1863,295.82µm
net1794,295.43µm
net1846,294.7µm
_1607_,289.81µm
clknet_3_2__leaf_clk,289.06µm
net1768,288.05µm
clknet_3_1__leaf_clk,287.82µm
net1287,287.21µm
_0849_,286.09µm
net1338,282.09µm
net1251,278.76µm
clk,275.03µm
net1213,273.75µm
_0901_,272.95µm
net1696,271.84µm
net1231,271.37µm
net1816,271.11µm
net1624,270.87µm
net1263,269.14µm
net1769,267.29µm
_0956_,267.03µm
clknet_3_6__leaf_clk,264.18µm
net1611,263.96µm
net1781,263.6µm
net2097,263.07µm
net2816,262.5µm
net1337,261.08µm
net1321,258.28µm
net1166,258.02µm
u_wm0.u_dm.data_mem\[1\]\[21\],257.53µm
net1811,255.87µm
net1230,253.72µm
net1281,253.67µm
_2260_,251.94µm
_1856_,249.275µm
u_pc.pc\[30\],249.22µm
_2590_,248.48µm
net2412,247.9µm
net1265,247.7µm
_2320_,247.08µm
net1821,246.84µm
net1780,246.79µm
net1244,245.79µm
net1269,244.72µm
_2907_,244.41µm
_1892_,244.05µm
_1876_,242.51µm
net1289,242.07µm
_1757_,242.06µm
u_wm0.u_dm.data_mem\[0\]\[21\],242.04µm
net1308,241.605µm
_2519_,241.22µm
net1249,240.72µm
net1270,240.7µm
net1620,240.28µm
net1194,240.24µm
net1534,239.98µm
net1226,239.255µm
net1262,237.67µm
net2761,237.23µm
net1202,235.94µm
net1183,235.77µm
net1163,235.08µm
_1904_,231.65µm
_1958_,231.51µm
_2387_,230.3µm
net1555,230.09µm
u_wm0.u_dm.data_mem\[0\]\[20\],229.73µm
net1208,228.83µm
net1627,227.955µm
net1191,227.765µm
net2106,227.64µm
net1209,227.08µm
net2105,226.89µm
net1259,226.77µm
_2996_,226.46µm
u_wm0.u_dm.data_mem\[0\]\[18\],226µm
net2081,225µm
net2008,224.88µm
clknet_3_5__leaf_clk,222.38µm
net1333,222.335µm
_2638_,222.26µm
net1235,221.93µm
net1613,221.32µm
clknet_3_7__leaf_clk,220.795µm
u_wm0.u_dm.data_mem\[14\]\[18\],219.87µm
net1174,219.49µm
_2354_,218.99µm
_2021_,218.32µm
net1205,214.82µm
_2486_,214.53µm
net1761,214.3µm
net1288,213.33µm
_2963_,213.12µm
net1200,213µm
net1232,212.98µm
_3130_,212.88µm
net1918,212.81µm
_2944_,212.745µm
net1237,212.6µm
net1181,212.19µm
u_wm0.u_dm.data_mem\[14\]\[17\],212.13µm
u_wm0.u_dm.data_mem\[1\]\[18\],212.02µm
net2533,211.68µm
net2454,210.18µm
net1601,209.85µm
net2710,209.34µm
net2099,209.19µm
clknet_leaf_2_clk,208.74µm
net1225,207.99µm
_2659_,207.855µm
net1619,207.72µm
_2583_,206.43µm
_0986_,205.78µm
net1252,204.42µm
net1172,202.7µm
net1469,202.7µm
_0857_,202.26µm
net1694,202.08µm
net2096,201.78µm
_2711_,201.54µm
net1339,201.22µm
net2389,200.2µm
_1850_,199.28µm
net1190,199.15µm
_3049_,199.02µm
_2607_,198.97µm
u_wm0.u_dm.data_mem\[4\]\[13\],198.96µm
net1691,198.94µm
u_wm0.u_dm.data_mem\[13\]\[18\],198.55µm
clknet_3_4__leaf_clk,198.28µm
clknet_3_3__leaf_clk,198.08µm
u_wm0.u_dm.data_mem\[1\]\[19\],197.95µm
_2055_,197.5µm
net2778,196.89µm
_2740_,195.72µm
net1332,195.64µm
u_wm0.u_dm.data_mem\[4\]\[25\],195.3µm
net2582,195.09µm
u_wm0.u_dm.data_mem\[1\]\[20\],194.5µm
net2685,194.3µm
net1866,194.21µm
net1307,194.16µm
u_wm0.u_dm.data_mem\[2\]\[20\],194.14µm
net1187,194.1µm
net1600,193.68µm
net1822,192.96µm
_3034_,192.7µm
net1165,192.61µm
u_wm0.u_dm.data_mem\[5\]\[27\],192.43µm
net1197,192.42µm
_3136_,191.96µm
net1180,191.11µm
u_wm0.u_dm.data_mem\[15\]\[21\],191.04µm
_3090_,190.915µm
u_pc.pc\[28\],190.03µm
u_wm0.u_dm.data_mem\[0\]\[19\],189.96µm
net1847,189.4µm
net1168,188.88µm
u_wm0.u_dm.data_mem\[7\]\[25\],188.45µm
pc\[26\],188.32µm
net1841,188.04µm
net1196,187.74µm
net1647,186.85µm
_2226_,186.48µm
u_wm0.u_dm.data_mem\[3\]\[20\],186.185µm
_1839_,185.96µm
net1243,185.11µm
net1396,184.87µm
net2681,184.86µm
u_wm0.u_dm.data_mem\[2\]\[18\],184.81µm
_3001_,184.595µm
net1256,184.29µm
u_wm0.u_dm.data_mem\[9\]\[13\],184.25µm
net1343,184.175µm
net2673,184.17µm
net2170,184.12µm
net1199,183.98µm
net1276,183.755µm
net2818,183.66µm
u_wm0.u_dm.data_mem\[11\]\[13\],182.84µm
_3046_,182.63µm
_2717_,182.28µm
clknet_leaf_33_clk,182.26µm
u_wm0.u_dm.data_mem\[0\]\[16\],181.98µm
net2599,181.89µm
net1278,181.82µm
net1862,181.14µm
net1314,180.6µm
net1537,180.475µm
net1201,180.46µm
_2975_,180.445µm
net2433,180.3µm
u_wm0.u_dm.data_mem\[8\]\[13\],180.2µm
U_rf0.rd\[7\]\[7\],180.14µm
net1215,180.005µm
net2569,179.56µm
net1309,179.32µm
_2935_,179.2µm
net2094,179.14µm
net1186,178.9µm
net2483,178.86µm
clknet_leaf_25_clk,178.56µm
net1393,178.15µm
U_rf0.rd\[7\]\[21\],178.08µm
U_rf0.rd\[7\]\[3\],177.61µm
_1456_,176.8µm
net1169,176.5µm
u_wm0.u_dm.data_mem\[15\]\[18\],176.14µm
u_wm0.u_dm.data_mem\[6\]\[27\],175.78µm
_1964_,175.72µm
_1861_,175.52µm
_3039_,175.24µm
_2959_,175.04µm
clknet_leaf_8_clk,174.77µm
net1589,174.665µm
net2633,174.64µm
u_wm0.u_dm.data_mem\[14\]\[19\],174.6µm
net1474,174.29µm
u_wm0.u_dm.data_mem\[1\]\[27\],174.25µm
u_wm0.u_dm.data_mem\[3\]\[18\],174.18µm
_2929_,173.855µm
_1688_,173.68µm
u_wm0.u_dm.data_mem\[1\]\[17\],173.43µm
_1930_,172.76µm
net1245,172.5µm
net1612,172.24µm
clknet_leaf_28_clk,171.83µm
u_wm0.u_dm.data_mem\[15\]\[13\],171.75µm
net1765,171.54µm
net1473,170.89µm
net2802,170.68µm
clknet_leaf_35_clk,170.58µm
net1257,170.44µm
_1458_,170.41µm
clknet_leaf_34_clk,170.24µm
_1319_,170.08µm
net1167,170µm
net1260,169.85µm
net2488,169.84µm
net2521,169.72µm
_1946_,169.7µm
net1909,169.33µm
net2707,169.3µm
u_wm0.u_dm.data_mem\[10\]\[18\],169.21µm
U_rf0.rd\[6\]\[31\],168.74µm
net2076,168.48µm
net1656,168.46µm
net2031,168.05µm
clknet_leaf_40_clk,168.02µm
net1302,167.6µm
net1229,167.48µm
net2752,167.4µm
_2663_,167.16µm
_1920_,167.15µm
u_wm0.u_dm.data_mem\[14\]\[21\],167.1µm
u_wm0.u_dm.data_mem\[12\]\[18\],166.82µm
net1211,166.5µm
net2630,166.44µm
net1423,166.22µm
_3121_,165.78µm
clknet_leaf_42_clk,165.62µm
net1273,165.2µm
net1182,165.11µm
result[0],165.04µm
net1239,164.96µm
net1433,164.9µm
_3017_,164.69µm
u_wm0.u_dm.data_mem\[2\]\[21\],164.58µm
net2464,164.38µm
net1824,164.33µm
_3131_,164.32µm
u_wm0.u_dm.data_mem\[12\]\[13\],164.22µm
clknet_leaf_36_clk,163.82µm
U_rf0.rd\[3\]\[19\],163.76µm
net1922,163.72µm
_2873_,163.49µm
net1290,163.34µm
_1059_,163.11µm
net1316,162.935µm
clknet_leaf_38_clk,162.86µm
net1203,162.83µm
net1807,162.68µm
clknet_leaf_31_clk,162.54µm
net1418,162.395µm
net1236,161.78µm
u_wm0.u_dm.data_mem\[8\]\[9\],161.57µm
net1562,161.35µm
net1859,161.315µm
net2683,161.06µm
net1845,160.785µm
net2693,160.72µm
net1782,160.56µm
pc\[25\],160.18µm
clknet_leaf_24_clk,160.02µm
net1776,159.9µm
net1817,159.79µm
_2760_,159.04µm
net1709,158.76µm
net2425,158.69µm
net1686,158.475µm
u_wm0.u_dm.data_mem\[0\]\[17\],157.96µm
rst,157.25µm
u_wm0.u_dm.data_mem\[8\]\[14\],157.02µm
clknet_leaf_43_clk,156.78µm
net1424,156.37µm
net1536,156.295µm
net1274,156.025µm
clknet_leaf_10_clk,155.75µm
net1292,155.38µm
net1328,155.36µm
u_wm0.u_dm.data_mem\[13\]\[21\],155.28µm
_3246_,155µm
_2999_,154.97µm
u_wm0.u_dm.data_mem\[11\]\[9\],154.67µm
_2902_,154.51µm
clknet_leaf_9_clk,154.46µm
net1617,154.33µm
_1604_,154.115µm
net1739,153.92µm
net1972,153.82µm
_2960_,153.725µm
net2591,153.49µm
_0902_,153.335µm
net1870,153.22µm
net1573,152.9µm
_2001_,152.88µm
u_wm0.u_dm.data_mem\[4\]\[14\],152.66µm
net2712,152.54µm
net1344,152.52µm
net1388,152.31µm
pc\[20\],152.24µm
net1661,152.1µm
net2069,151.95µm
_3223_,151.82µm
net2417,151.76µm
net2147,151.52µm
_3178_,151.52µm
_3226_,151.18µm
net1483,151.17µm
_0975_,151.13µm
net2098,151.1µm
clknet_leaf_32_clk,150.72µm
_2657_,150.64µm
_1940_,150.315µm
net2735,150.25µm
clknet_leaf_44_clk,150µm
_1735_,150µm
_2006_,149.99µm
U_rf0.rd\[3\]\[21\],149.56µm
net2509,149.42µm
_1909_,149.03µm
net1193,148.93µm
clknet_leaf_13_clk,148.76µm
net1394,148.66µm
net2505,148.6µm
net1210,148.49µm
_2832_,148.485µm
clknet_leaf_21_clk,148.12µm
_3019_,148.12µm
net1175,148.06µm
pc\[13\],148.01µm
net1818,147.945µm
U_rf0.rd\[7\]\[5\],147.92µm
clknet_leaf_7_clk,147.9µm
result[6],147.83µm
u_wm0.u_dm.data_mem\[7\]\[11\],147.64µm
net1171,147.51µm
net1293,147.45µm
net1820,147.21µm
u_wm0.u_dm.data_mem\[3\]\[21\],147.05µm
net1621,146.74µm
U_rf0.rd\[10\]\[15\],146.7µm
_1855_,146.5µm
net1637,146.33µm
net1397,146.24µm
net2458,145.92µm
net1331,145.5µm
net2103,145.5µm
_1350_,145.19µm
net1185,145.01µm
_3101_,145µm
_3013_,144.96µm
clknet_leaf_19_clk,144.78µm
clknet_leaf_29_clk,144.72µm
_2890_,144.39µm
u_wm0.u_dm.data_mem\[5\]\[14\],144.22µm
u_wm0.u_dm.data_mem\[14\]\[16\],144.15µm
_1844_,144.1µm
net1192,143.8µm
net1161,143.62µm
net1935,143.56µm
_2018_,143.52µm
net2743,143.22µm
pc\[7\],143µm
net1771,142.44µm
net2579,142.34µm
net1319,142.19µm
U_rf0.rd\[7\]\[20\],142.1µm
u_wm0.u_dm.data_mem\[13\]\[16\],142.07µm
net2608,141.83µm
net1891,141.6µm
_3187_,141.6µm
_1914_,141.35µm
net1475,140.765µm
net1310,140.7µm
clknet_leaf_11_clk,140.68µm
net1341,140.66µm
net1614,140.64µm
net2113,140.64µm
clknet_leaf_14_clk,140.43µm
net1234,140.4µm
clknet_leaf_39_clk,140.38µm
net1198,140.37µm
net1734,139.97µm
net1329,139.815µm
net2138,139.47µm
clknet_leaf_18_clk,139.41µm
u_wm0.u_dm.data_mem\[6\]\[11\],139.34µm
net1653,139.21µm
net1285,139.03µm
net1670,138.92µm
net1334,138.84µm
u_wm0.u_dm.data_mem\[11\]\[14\],138.68µm
clknet_leaf_5_clk,138.42µm
net1195,138.31µm
clknet_leaf_37_clk,138.205µm
U_rf0.rd\[4\]\[15\],138.18µm
net2123,138.01µm
net216,138µm
net1318,137.96µm
pc\[19\],137.85µm
net1462,137.82µm
net1608,137.78µm
net1793,137.62µm
_1228_,137.37µm
U_rf0.rd\[7\]\[17\],136.9µm
clknet_leaf_20_clk,136.4µm
_1665_,136.29µm
net2709,136.28µm
_3043_,136.07µm
net1788,136.02µm
_1952_,135.99µm
net1420,135.6µm
_1175_,135.555µm
_2353_,135.28µm
clknet_leaf_30_clk,135.16µm
_1094_,134.84µm
net1990,134.7µm
u_wm0.u_dm.data_mem\[13\]\[19\],134.64µm
U_rf0.rd\[7\]\[31\],134.55µm
_2874_,134.365µm
clknet_leaf_1_clk,134.36µm
net1162,134.2µm
_2661_,134.04µm
net1479,133.745µm
clknet_leaf_15_clk,133.61µm
net1716,133.49µm
net1272,133.22µm
clknet_leaf_41_clk,133.1µm
clknet_leaf_0_clk,132.83µm
net1170,132.59µm
net1206,132.56µm
clknet_leaf_12_clk,132.52µm
pc\[12\],132.51µm
net2577,132.44µm
U_rf0.rd\[3\]\[25\],132.41µm
net1330,132.36µm
net1704,132.12µm
clknet_leaf_16_clk,131.955µm
net1422,131.85µm
_2978_,131.82µm
u_wm0.u_dm.data_mem\[13\]\[17\],131.62µm
u_wm0.u_dm.data_mem\[0\]\[27\],131.36µm
_1618_,131.32µm
net2007,131.26µm
net2108,131.125µm
net1218,131.095µm
pc\[6\],131.08µm
net1923,130.635µm
clknet_leaf_26_clk,130.485µm
pc\[27\],130.42µm
U_rf0.rd\[4\]\[31\],130.28µm
net1522,130.16µm
U_rf0.rd\[4\]\[12\],130.1µm
clknet_leaf_4_clk,129.84µm
net1597,129.68µm
net1664,129.55µm
pc_plus4\[6\],129.49µm
net1282,129.29µm
net1535,129.14µm
net2202,128.785µm
U_rf0.rd\[4\]\[20\],128.52µm
net1419,128.515µm
net1258,128.43µm
_0996_,128.43µm
net1719,128.42µm
_2894_,128.295µm
net2741,128.28µm
net1712,128.26µm
net1888,128.24µm
_3160_,128.08µm
net1173,127.91µm
_1193_,127.9µm
net1778,127.39µm
net2169,127.38µm
net2723,127.3µm
net1585,127.19µm
_1114_,127.01µm
clknet_leaf_17_clk,126.96µm
clknet_leaf_22_clk,126.94µm
u_wm0.u_dm.data_mem\[6\]\[14\],126.74µm
_1376_,126.65µm
net1189,126.58µm
net1927,126.28µm
net1275,126.25µm
net2815,126.12µm
net1184,125.68µm
net1335,125.58µm
_2856_,125.45µm
net1742,125.42µm
net1618,125.34µm
net1668,125.2µm
net2538,124.97µm
clknet_leaf_27_clk,124.78µm
net1415,124.68µm
_1103_,124.58µm
_2889_,124.54µm
_2674_,124.42µm
net2148,124.26µm
net1222,124.14µm
net1345,124.08µm
_1140_,124.02µm
_1887_,123.8µm
U_rf0.rd\[7\]\[9\],123.36µm
net2101,123.19µm
_0822_,123.13µm
U_rf0.rd\[4\]\[18\],123.02µm
clknet_leaf_23_clk,122.66µm
net1684,122.44µm
_1372_,121.94µm
_1691_,121.81µm
_2906_,121.76µm
net1327,121.73µm
net1877,121.7µm
net1268,121.67µm
net1580,121.56µm
net2045,121.56µm
net2387,121.4µm
_1632_,121.3µm
net1284,121.21µm
_2011_,120.99µm
net2194,120.66µm
net1233,120.46µm
net1340,120.35µm
net1106,120.32µm
net1294,120.3µm
_1603_,120.23µm
_1213_,119.94µm
_3263_,119.9µm
u_wm0.u_dm.data_mem\[2\]\[17\],119.78µm
_3047_,119.69µm
net1630,119.675µm
net2125,119.395µm
net1737,119.36µm
_3205_,119.26µm
net1680,119.1µm
net1295,118.94µm
_0972_,118.92µm
net1835,118.8µm
_3003_,118.21µm
net106,118.14µm
_1091_,117.75µm
_1926_,117.4µm
_2876_,117.36µm
_1298_,117.35µm
_2126_,117.23µm
net2115,117.08µm
pc\[9\],117.08µm
net2729,116.92µm
pc\[11\],116.86µm
net1093,116.58µm
net1303,116.48µm
net2547,116.43µm
_1125_,116.13µm
net1688,116.06µm
_3041_,115.8µm
net1815,115.77µm
_2858_,115.72µm
_0941_,115.42µm
U_rf0.rd\[4\]\[19\],115.4µm
_1877_,115.4µm
U_rf0.rd\[3\]\[8\],115.125µm
_1363_,115.06µm
net1779,114.99µm
net1840,114.76µm
net1250,114.68µm
net1961,114.665µm
u_wm0.u_dm.data_mem\[1\]\[16\],114.58µm
net1929,114.44µm
_2947_,114.3µm
net1216,114.015µm
_1293_,113.9µm
net1342,113.75µm
U_rf0.rd\[7\]\[27\],113.74µm
net1164,113.7µm
net1542,113.57µm
U_rf0.rd\[2\]\[13\],113.56µm
U_rf0.rd\[3\]\[24\],113.54µm
net1857,113.38µm
clknet_leaf_6_clk,113.315µm
net1676,113.3µm
_2980_,113.29µm
net2563,113.05µm
_3255_,112.71µm
net2751,112.54µm
U_rf0.rd\[4\]\[16\],112.26µm
pc\[21\],112.17µm
net1850,112.02µm
net1629,111.78µm
net2074,111.76µm
_2757_,111.66µm
U_rf0.rd\[7\]\[25\],111.58µm
net1544,111.44µm
U_rf0.rd\[6\]\[11\],111.35µm
net1729,111.305µm
net1238,111.14µm
pc\[0\],110.98µm
u_wm0.u_dm.data_mem\[10\]\[21\],110.88µm
U_rf0.rd\[7\]\[24\],110.86µm
_0859_,110.86µm
_2835_,110.78µm
net2077,110.74µm
_2633_,110.68µm
_1932_,110.63µm
net2146,110.54µm
net1825,110.48µm
U_rf0.rd\[4\]\[2\],110.4µm
_1996_,110.02µm
U_rf0.rd\[3\]\[22\],109.94µm
net1685,109.76µm
_1981_,109.75µm
net2121,109.63µm
net1384,108.94µm
net1746,108.845µm
_1011_,108.8µm
pc\[22\],108.78µm
net1934,108.64µm
net1692,108.36µm
_1184_,108.22µm
net2005,107.69µm
net1311,107.62µm
U_rf0.rd\[7\]\[23\],107.52µm
U_rf0.rd\[4\]\[17\],107.38µm
u_pc.pc\[29\],107.38µm
net1928,107.19µm
_3257_,107.08µm
net1279,107.08µm
net1145,106.98µm
_2553_,106.78µm
_1152_,106.56µm
_1871_,106.46µm
_2625_,106.37µm
net2407,106.11µm
_1046_,106.1µm
U_rf0.rd\[3\]\[5\],105.99µm
net1786,105.97µm
U_rf0.rd\[3\]\[20\],105.835µm
_1991_,105.54µm
net2109,105.505µm
net1188,105.46µm
u_wm0.u_dm.data_mem\[8\]\[20\],105.46µm
net1484,105.19µm
_1899_,105.19µm
_1682_,105.09µm
_2680_,105.06µm
_1895_,104.9µm
pc\[24\],104.9µm
u_wm0.u_dm.data_mem\[10\]\[13\],104.71µm
U_rf0.rd\[10\]\[12\],104.7µm
net2699,104.48µm
net1690,104.11µm
clknet_leaf_3_clk,103.915µm
net1291,103.5µm
pc\[10\],103.48µm
_3035_,103.44µm
u_wm0.u_dm.data_mem\[15\]\[17\],103.08µm
net2476,102.44µm
net1655,102.16µm
net2467,102.04µm
net1317,101.96µm
_1107_,101.8µm
net1967,101.8µm
U_rf0.rd\[3\]\[7\],101.63µm
net1153,101.48µm
_0943_,101.29µm
_2020_,101.17µm
_2827_,101.03µm
_2995_,100.14µm
u_wm0.u_dm.data_mem\[15\]\[19\],100.14µm
U_rf0.rd\[2\]\[21\],100.06µm
net1113,99.93µm
net1767,99.855µm
U_rf0.rd\[6\]\[8\],99.62µm
u_wm0.u_dm.data_mem\[7\]\[13\],99.42µm
net1948,99.39µm
U_rf0.rd\[7\]\[29\],99.13µm
net1609,98.62µm
U_rf0.rd\[3\]\[0\],98.58µm
net2047,98.57µm
_0882_,98.5µm
net1212,98.48µm
u_wm0.u_dm.data_mem\[7\]\[14\],98.45µm
pc\[14\],98.44µm
net2726,98.28µm
pc\[15\],97.96µm
u_wm0.u_dm.data_mem\[9\]\[18\],97.9µm
net1672,97.84µm
net1228,97.755µm
net1983,97.7µm
net2193,97.615µm
U_rf0.rd\[7\]\[8\],97.36µm
net2759,97.33µm
u_wm0.u_dm.data_mem\[14\]\[20\],97.3µm
net1755,97.27µm
net2937,97.04µm
net2117,96.98µm
U_rf0.rd\[7\]\[14\],96.9µm
net1646,96.7µm
net2041,96.53µm
net1508,96.18µm
net1710,96.16µm
U_rf0.rd\[4\]\[25\],96.03µm
net1266,96.015µm
_3117_,96µm
net2158,95.96µm
_2761_,95.96µm
net1823,95.8µm
_1252_,95.7µm
net2468,95.68µm
net1442,95.66µm
net2166,95.54µm
net1751,95.16µm
net1126,95.06µm
net1586,94.76µm
U_rf0.rd\[2\]\[8\],94.7µm
net1756,94.7µm
net2758,94.66µm
_1985_,94.42µm
_2800_,94.37µm
net1819,94.05µm
net1502,93.92µm
_3253_,93.72µm
U_rf0.rd\[6\]\[19\],93.64µm
pc\[18\],93.58µm
net2911,93.46µm
net1752,93.43µm
net1946,93.38µm
U_rf0.rd\[5\]\[31\],93.14µm
U_rf0.rd\[7\]\[26\],92.98µm
U_rf0.rd\[3\]\[23\],92.72µm
_2088_,92.45µm
U_rf0.rd\[6\]\[13\],92.4µm
net1871,92.2µm
pc_plus4\[27\],92.04µm
net1280,92.02µm
net1687,92.02µm
_1411_,91.88µm
net1760,91.7µm
net1969,91.66µm
net1217,91.44µm
net1867,91.36µm
_3175_,91.18µm
net1872,91.14µm
_3227_,91.1µm
net2814,91.08µm
pc\[23\],90.96µm
net1974,90.9µm
net1207,90.72µm
u_wm0.u_dm.data_mem\[12\]\[17\],90.58µm
net1843,90.43µm
net1945,90.21µm
net2071,90.14µm
net1155,90.1µm
net1476,90.1µm
net1584,90.05µm
net1286,89.975µm
U_rf0.rd\[7\]\[11\],89.96µm
net1913,89.86µm
net2006,89.84µm
_1586_,89.78µm
net1118,89.7µm
_2127_,89.7µm
u_wm0.u_dm.data_mem\[12\]\[19\],89.46µm
net2086,89.42µm
_0769_,89.4µm
net2102,89.36µm
net1623,89.205µm
net2017,89.17µm
net1271,89.14µm
U_rf0.rd\[2\]\[24\],89µm
net1893,88.91µm
_3202_,88.9µm
net2009,88.83µm
_0844_,88.76µm
net1643,88.59µm
_2160_,88.44µm
net1949,88.42µm
pc_plus4\[29\],88.34µm
U_rf0.rd\[7\]\[19\],88.22µm
u_wm0.u_dm.data_mem\[3\]\[17\],88.2µm
u_wm0.u_dm.data_mem\[12\]\[20\],88.18µm
net1908,88.02µm
U_rf0.rd\[6\]\[25\],88µm
_3181_,87.9µm
net1247,87.855µm
net1267,87.835µm
_1613_,87.76µm
net2804,87.48µm
U_rf0.rd\[3\]\[12\],87.28µm
net1790,87.28µm
U_rf0.rd\[7\]\[15\],87.22µm
net1094,87.2µm
net1214,87.155µm
_2855_,87.03µm
net1157,86.96µm
net1283,86.79µm
_0856_,86.64µm
net2164,86.62µm
_3016_,86.4µm
pc\[16\],86.32µm
net1805,86.15µm
_1836_,86.12µm
net1357,86.1µm
net2048,86.05µm
U_rf0.rd\[5\]\[12\],86.03µm
_2710_,85.94µm
pc_plus4\[5\],85.88µm
_1847_,85.54µm
_1610_,85.44µm
net1711,85.435µm
net1336,85.4µm
U_rf0.rd\[2\]\[20\],85.2µm
net2034,85.2µm
net1773,85.19µm
_2564_,85.18µm
u_wm0.u_dm.data_mem\[8\]\[11\],85.18µm
_2193_,85.16µm
net2160,85.14µm
clknet_leaf_45_clk,84.88µm
net1878,84.88µm
net2919,84.86µm
net1954,84.74µm
_3133_,84.68µm
U_rf0.rd\[3\]\[4\],84.64µm
net1204,84.55µm
net1414,84.51µm
net1950,84.3µm
_3225_,84.22µm
_1234_,84.14µm
_0848_,84.1µm
net1264,83.8µm
net1615,83.43µm
net2185,83.42µm
net2366,83.4µm
u_wm0.u_dm.data_mem\[12\]\[21\],83.35µm
_3180_,83.3µm
U_rf0.rd\[10\]\[1\],83.1µm
net1952,83.1µm
net1953,83.06µm
_3154_,82.96µm
net2095,82.92µm
u_wm0.u_dm.data_mem\[8\]\[18\],82.84µm
net1312,82.58µm
net1896,82.46µm
net1689,82.42µm
_1282_,82.17µm
net1540,82.08µm
U_rf0.rd\[7\]\[22\],82.04µm
_0945_,81.96µm
net2130,81.62µm
net1154,81.61µm
net1834,81.08µm
net1971,81.08µm
net2090,81µm
net1947,80.74µm
_2871_,80.46µm
net2165,80.42µm
_1459_,80.34µm
net1322,80.32µm
net1121,80.2µm
U_rf0.rd\[4\]\[26\],80.15µm
U_rf0.rd\[6\]\[7\],80.04µm
net1114,80µm
U_rf0.rd\[2\]\[11\],79.84µm
_1086_,79.7µm
U_rf0.rd\[3\]\[13\],79.67µm
_3247_,79.58µm
net2367,79.44µm
_1211_,79.3µm
_2673_,79.18µm
net1131,79.16µm
_1204_,78.94µm
net1313,78.94µm
net1735,78.83µm
u_wm0.u_dm.data_mem\[1\]\[13\],78.82µm
net1466,78.77µm
_2731_,78.72µm
_2672_,78.66µm
_1507_,78.65µm
_1323_,78.4µm
_0816_,78.38µm
net2135,78.28µm
net2010,78.22µm
net1926,78.15µm
net1240,78.14µm
_1807_,78.13µm
net1607,77.95µm
net1142,77.94µm
net1665,77.84µm
net1367,77.66µm
_1980_,77.55µm
_1774_,77.48µm
_2054_,77.48µm
net2065,77.47µm
_2735_,77.44µm
net1648,77.4µm
net1224,77.24µm
net2711,77.19µm
_0853_,77.16µm
net1636,77.155µm
net1951,77.14µm
U_rf0.rd\[3\]\[16\],77.02µm
net2602,76.94µm
net1605,76.9µm
U_rf0.rd\[5\]\[13\],76.88µm
net1517,76.88µm
net2126,76.84µm
net1606,76.82µm
net2093,76.82µm
net1132,76.72µm
U_rf0.rd\[3\]\[11\],76.68µm
net1792,76.635µm
_1471_,76.54µm
net2939,76.54µm
U_rf0.rd\[4\]\[23\],76.48µm
pc\[4\],76.48µm
net101,76.45µm
net2127,76.24µm
net1678,76.18µm
net1727,76.16µm
net1403,76.06µm
net2378,76.02µm
_2931_,76µm
_1897_,75.99µm
_1296_,75.6µm
_1095_,75.38µm
pc\[1\],75.38µm
net1441,75.2µm
_0040_,74.91µm
_1559_,74.62µm
u_wm0.u_dm.data_mem\[2\]\[19\],74.46µm
U_rf0.rd\[1\]\[15\],74.44µm
net1749,74.415µm
_1982_,74.36µm
u_wm0.u_dm.data_mem\[7\]\[27\],74.28µm
net1757,74.255µm
net2012,74.2µm
U_rf0.rd\[2\]\[25\],74.14µm
_1853_,73.98µm
net2033,73.92µm
net1150,73.88µm
net1152,73.56µm
net1119,73.4µm
u_wm0.u_dm.data_mem\[15\]\[12\],73.32µm
net1472,73.22µm
_1272_,73.18µm
_1670_,72.98µm
net1851,72.64µm
net1144,72.55µm
net1652,72.28µm
U_rf0.rd\[3\]\[29\],72.26µm
U_rf0.rd\[5\]\[8\],72.26µm
U_rf0.rd\[6\]\[1\],72.14µm
net2708,72.03µm
net1639,72.01µm
U_rf0.rd\[7\]\[10\],72µm
net1143,72µm
net1541,71.94µm
net1399,71.82µm
_2962_,71.79µm
net1561,71.7µm
net1701,71.67µm
_3020_,71.62µm
U_rf0.rd\[2\]\[28\],71.54µm
U_rf0.rd\[3\]\[2\],71.5µm
net2024,71.45µm
net1736,71.42µm
net2704,71.38µm
net2625,71.36µm
net1708,71.34µm
net2025,71.24µm
_1200_,71.16µm
net1324,71.14µm
u_wm0.u_dm.data_mem\[13\]\[20\],71.07µm
_1160_,70.985µm
_1448_,70.87µm
_2942_,70.84µm
net2174,70.81µm
net1387,70.745µm
U_rf0.rd\[5\]\[5\],70.7µm
_2939_,70.67µm
_1851_,70.66µm
net1398,70.51µm
net2182,70.42µm
net1730,70.38µm
u_wm0.u_dm.data_mem\[5\]\[25\],70.36µm
U_rf0.rd\[7\]\[0\],70.315µm
_2681_,70.29µm
pc_plus4\[2\],70.285µm
u_wm0.u_dm.data_mem\[15\]\[20\],70.28µm
net2972,70.24µm
result[4],70.22µm
net1718,69.945µm
net1938,69.855µm
net1117,69.77µm
_2909_,69.68µm
_2977_,69.63µm
u_wm0.u_dm.data_mem\[9\]\[14\],69.58µm
net2110,69.54µm
u_wm0.u_dm.data_mem\[4\]\[27\],69.48µm
net2465,69.31µm
net2073,69.2µm
U_rf0.rd\[5\]\[2\],69.16µm
net1095,69.12µm
U_rf0.rd\[1\]\[7\],69.1µm
U_rf0.rd\[7\]\[28\],69.08µm
net1988,69.06µm
net1602,69.05µm
net1662,69.04µm
_1304_,68.97µm
pc\[17\],68.9µm
_2664_,68.88µm
U_rf0.rd\[2\]\[30\],68.68µm
_2941_,68.64µm
_2848_,68.61µm
net1320,68.6µm
net1529,68.54µm
net1386,68.215µm
U_rf0.rd\[6\]\[12\],68.08µm
U_rf0.rd\[4\]\[14\],68.06µm
pc\[8\],68.05µm
U_rf0.rd\[4\]\[28\],68.02µm
net1702,67.91µm
net1759,67.85µm
_0814_,67.78µm
_1394_,67.37µm
net3007,67.34µm
_3228_,67.31µm
_1109_,67.28µm
net1635,67.26µm
u_wm0.u_dm.data_mem\[11\]\[18\],67.18µm
net1675,67.13µm
net1127,66.88µm
u_pc.pc\[31\],66.88µm
U_rf0.rd\[4\]\[7\],66.74µm
net1315,66.64µm
u_wm0.u_dm.data_mem\[10\]\[9\],66.53µm
U_rf0.rd\[7\]\[2\],66.49µm
U_rf0.rd\[2\]\[2\],66.24µm
_1872_,66.24µm
net1407,66.2µm
net1417,66.195µm
net1129,66.13µm
_0784_,66.06µm
U_rf0.rd\[3\]\[10\],66µm
net1421,65.96µm
U_rf0.rd\[6\]\[0\],65.88µm
net2558,65.82µm
U_rf0.rd\[3\]\[17\],65.58µm
U_rf0.rd\[7\]\[13\],65.5µm
net1693,65.465µm
_2946_,65.38µm
net171,65.36µm
net2067,65.3µm
net2083,65.23µm
net1732,65.18µm
_0787_,64.72µm
net1122,64.695µm
U_rf0.rd\[3\]\[1\],64.63µm
_2758_,64.6µm
U_rf0.rd\[5\]\[11\],64.48µm
net2449,64.45µm
_1111_,64.24µm
net1642,64.23µm
U_rf0.rd\[4\]\[22\],64.08µm
net1156,64.05µm
net2032,63.98µm
pc_plus4\[4\],63.94µm
net1772,63.935µm
_1898_,63.88µm
net1666,63.85µm
_1646_,63.8µm
_2993_,63.78µm
net1937,63.7µm
U_rf0.rd\[5\]\[6\],63.68µm
net1306,63.68µm
U_rf0.rd\[5\]\[17\],63.65µm
_1976_,63.64µm
net2043,63.6µm
net1105,63.56µm
net1940,63.52µm
_2726_,63.32µm
net1991,63.3µm
_1205_,63.28µm
U_rf0.rd\[7\]\[30\],63.26µm
net1682,63.08µm
_2780_,62.98µm
net2062,62.81µm
_1636_,62.73µm
_0934_,62.67µm
U_rf0.rd\[6\]\[4\],62.59µm
_1023_,62.36µm
net1933,62.28µm
net1748,62.16µm
U_rf0.rd\[2\]\[6\],62.08µm
_3211_,62µm
net1932,61.88µm
net1763,61.805µm
net1930,61.8µm
net1480,61.7µm
pc_plus4\[26\],61.7µm
net1976,61.435µm
u_wm0.u_dm.data_mem\[3\]\[11\],61.24µm
U_rf0.rd\[1\]\[3\],61.16µm
net2003,61.16µm
U_rf0.rd\[5\]\[22\],61.1µm
_1783_,60.86µm
net1978,60.7µm
net2408,60.68µm
net2064,60.67µm
_1611_,60.66µm
net1130,60.59µm
result[5],60.56µm
net2026,60.55µm
net2035,60.54µm
net1616,60.52µm
U_rf0.rd\[4\]\[30\],60.425µm
U_rf0.rd\[3\]\[28\],60.4µm
net1802,60.4µm
U_rf0.rd\[3\]\[6\],60.36µm
net1539,60.33µm
U_rf0.rd\[5\]\[18\],60.31µm
U_rf0.rd\[10\]\[17\],60.28µm
net2950,60.26µm
U_rf0.rd\[6\]\[14\],60.12µm
net2140,60.08µm
U_rf0.rd\[7\]\[18\],59.98µm
net1839,59.94µm
net2059,59.94µm
_1158_,59.935µm
net1120,59.8µm
net2060,59.78µm
net2588,59.66µm
net2050,59.64µm
net1634,59.59µm
_1353_,59.56µm
_2736_,59.44µm
_2751_,59.24µm
U_rf0.rd\[3\]\[27\],59.08µm
net1133,58.96µm
_2920_,58.92µm
U_rf0.rd\[6\]\[3\],58.9µm
u_wm0.u_dm.data_mem\[2\]\[16\],58.88µm
net2088,58.87µm
net1115,58.82µm
_1127_,58.76µm
net1715,58.74µm
net2066,58.72µm
net2762,58.72µm
U_rf0.rd\[6\]\[2\],58.67µm
net2058,58.63µm
_1773_,58.46µm
_2675_,58.4µm
U_rf0.rd\[2\]\[31\],58.38µm
net1545,58.31µm
net1632,58.22µm
net1434,58.12µm
net1726,58.08µm
net2042,58.05µm
_1295_,58.02µm
_3000_,57.94µm
_0782_,57.84µm
net1960,57.72µm
net2070,57.52µm
_3254_,57.42µm
U_rf0.rd\[3\]\[26\],57.38µm
net2775,57.34µm
u_wm0.u_dm.data_mem\[11\]\[20\],57.3µm
u_wm0.u_dm.data_mem\[4\]\[26\],57.3µm
U_rf0.rd\[7\]\[4\],57.24µm
net1995,57.24µm
net1111,57.2µm
net2183,57.14µm
net1931,57.1µm
_2964_,57.06µm
_1532_,57µm
_1526_,56.98µm
_1572_,56.91µm
_1390_,56.89µm
net2419,56.78µm
u_wm0.u_dm.data_mem\[3\]\[27\],56.58µm
net2046,56.45µm
U_rf0.rd\[5\]\[20\],56.44µm
_0855_,56.08µm
U_rf0.rd\[2\]\[7\],56µm
_0034_,55.96µm
u_wm0.u_dm.data_mem\[9\]\[9\],55.95µm
net2061,55.91µm
_0819_,55.88µm
U_rf0.rd\[4\]\[13\],55.84µm
u_wm0.u_dm.data_mem\[2\]\[0\],55.84µm
net1911,55.71µm
net1683,55.71µm
net1140,55.7µm
U_rf0.rd\[6\]\[10\],55.64µm
_2730_,55.58µm
u_wm0.u_dm.data_mem\[6\]\[25\],55.56µm
net2179,55.48µm
net2418,55.46µm
net1138,55.44µm
_1297_,55.4µm
U_rf0.rd\[3\]\[31\],55.36µm
net1766,55.305µm
net2027,55.21µm
_1033_,55.18µm
net1955,55.08µm
u_wm0.u_dm.data_mem\[5\]\[29\],55µm
U_rf0.rd\[5\]\[14\],54.94µm
_2811_,54.88µm
_1248_,54.81µm
_0913_,54.76µm
U_rf0.rd\[5\]\[19\],54.68µm
_1726_,54.65µm
net174,54.56µm
U_rf0.rd\[6\]\[16\],54.32µm
net2079,54.32µm
net1590,54.16µm
_3120_,54.16µm
net2754,54.06µm
net1977,54µm
net1992,54µm
U_rf0.rd\[3\]\[30\],53.98µm
net1385,53.915µm
net1481,53.78µm
pc\[2\],53.74µm
net2044,53.69µm
_2928_,53.65µm
net1753,53.64µm
_1362_,53.62µm
U_rf0.rd\[1\]\[0\],53.52µm
_3216_,53.46µm
net2368,53.42µm
net1996,53.4µm
net1671,53.39µm
net1827,53.24µm
net1246,53.23µm
_1440_,53.2µm
net1806,53.16µm
net2583,53.16µm
net1440,53.12µm
net1968,53.12µm
_0795_,53.06µm
net2697,53.06µm
net2019,53.03µm
net1941,52.94µm
net1543,52.94µm
net1774,52.76µm
net1139,52.72µm
_1365_,52.6µm
net1277,52.58µm
net2537,52.58µm
_3194_,52.54µm
_0965_,52.52µm
u_wm0.u_dm.data_mem\[0\]\[13\],52.48µm
U_rf0.rd\[7\]\[12\],52.4µm
net122,52.4µm
_1182_,52.22µm
net1377,52.1µm
net1553,52.08µm
_1723_,52.02µm
pc_plus4\[22\],51.98µm
net1681,51.95µm
_1381_,51.94µm
_0051_,51.85µm
_3259_,51.82µm
_0863_,51.8µm
pc_plus4\[25\],51.74µm
u_wm0.u_dm.data_mem\[13\]\[13\],51.66µm
_0824_,51.62µm
net1141,51.61µm
_1755_,51.6µm
_3155_,51.58µm
net1622,51.47µm
net1560,51.34µm
net1762,51.32µm
_1426_,51.26µm
net2722,51.25µm
net2011,51.24µm
net1107,51.22µm
_1258_,51.17µm
U_rf0.rd\[6\]\[18\],51.16µm
_1760_,51.05µm
net2757,51.04µm
_1505_,50.88µm
net1110,50.84µm
_3209_,50.7µm
net2029,50.55µm
U_rf0.rd\[5\]\[21\],50.54µm
U_rf0.rd\[1\]\[26\],50.52µm
net1743,50.465µm
_1945_,50.36µm
_1588_,50.28µm
net1498,50.24µm
U_rf0.rd\[3\]\[15\],50.1µm
_1832_,50.02µm
net2036,50.01µm
net1500,49.98µm
_1212_,49.94µm
net1725,49.93µm
_1277_,49.84µm
net1898,49.82µm
U_rf0.rd\[4\]\[11\],49.7µm
net1804,49.68µm
net2085,49.62µm
net1706,49.58µm
_1309_,49.54µm
net2494,49.46µm
_1970_,49.42µm
_2930_,49.42µm
net2084,49.14µm
_1347_,49µm
net1494,48.98µm
U_rf0.rd\[6\]\[20\],48.94µm
net1679,48.92µm
net1764,48.835µm
net1402,48.74µm
_0811_,48.7µm
_2694_,48.7µm
u_wm0.u_dm.data_mem\[1\]\[12\],48.7µm
net2504,48.7µm
net1970,48.535µm
_1658_,48.46µm
net1125,48.42µm
_2804_,48.41µm
net1443,48.4µm
_1580_,48.38µm
U_rf0.rd\[5\]\[0\],48.24µm
_1547_,48.24µm
net1651,48.17µm
net2000,48.16µm
net1724,47.99µm
net1720,47.98µm
U_rf0.rd\[5\]\[4\],47.94µm
_3165_,47.85µm
_1969_,47.82µm
net1998,47.76µm
_0800_,47.68µm
_1955_,47.68µm
net2163,47.66µm
net2667,47.66µm
net1109,47.52µm
net1547,47.48µm
net1304,47.42µm
net3,47.42µm
_1854_,47.38µm
net1546,47.36µm
_0842_,47.32µm
U_rf0.rd\[3\]\[14\],47.28µm
net1383,47.275µm
U_rf0.rd\[1\]\[1\],47.18µm
U_rf0.rd\[5\]\[15\],47.18µm
_1975_,47.145µm
net1740,47.095µm
_2984_,47.04µm
_0999_,46.94µm
net1799,46.92µm
net2150,46.9µm
_0904_,46.82µm
net1741,46.815µm
_1386_,46.8µm
U_rf0.rd\[5\]\[28\],46.76µm
_2892_,46.66µm
net2013,46.65µm
net1376,46.645µm
_2882_,46.56µm
net2054,46.55µm
net1979,46.46µm
net1964,46.4µm
u_wm0.u_dm.data_mem\[12\]\[12\],46.39µm
net1405,46.36µm
net2030,46.33µm
net1801,46.24µm
result[1],46.22µm
net2664,46.22µm
u_wm0.u_dm.data_mem\[5\]\[26\],46.1µm
net1325,46.04µm
U_rf0.rd\[4\]\[9\],46.02µm
_2628_,46.02µm
_3132_,46.02µm
_2779_,45.92µm
_3179_,45.8µm
_0055_,45.65µm
U_rf0.rd\[2\]\[14\],45.42µm
net1134,45.38µm
net1223,45.38µm
net1667,45.36µm
net1504,45.33µm
net2015,45.23µm
net1598,45.18µm
net1880,45.12µm
instruct_en,44.93µm
_1144_,44.9µm
_1731_,44.88µm
u_wm0.u_dm.data_mem\[13\]\[10\],44.875µm
net2107,44.86µm
_0790_,44.84µm
u_wm0.u_dm.data_mem\[1\]\[29\],44.6µm
net2994,44.58µm
u_wm0.u_dm.data_mem\[10\]\[10\],44.52µm
net1108,44.5µm
net2014,44.49µm
_1870_,44.48µm
_1062_,44.46µm
net1800,44.45µm
_1082_,44.42µm
_2568_,44.38µm
_0829_,44.36µm
U_rf0.rd\[4\]\[4\],44.34µm
net2049,44.33µm
_1831_,44.24µm
net1939,44.2µm
_1620_,44.19µm
net1631,44.14µm
net1882,44.1µm
u_wm0.u_dm.data_mem\[10\]\[12\],44.1µm
u_wm0.u_dm.data_mem\[3\]\[16\],44.1µm
net1999,44.08µm
net1374,44.02µm
_0874_,44µm
_2715_,43.91µm
U_rf0.rd\[1\]\[23\],43.9µm
_0812_,43.88µm
net1416,43.845µm
_1225_,43.84µm
net1899,43.76µm
net1348,43.74µm
net2901,43.74µm
net1754,43.735µm
_0807_,43.72µm
_1790_,43.7µm
_1115_,43.68µm
U_rf0.rd\[1\]\[27\],43.64µm
U_rf0.rd\[1\]\[20\],43.56µm
net2946,43.56µm
_1017_,43.54µm
net1916,43.5µm
pc_plus4\[31\],43.5µm
_1069_,43.4µm
U_rf0.rd\[10\]\[2\],43.2µm
U_rf0.rd\[3\]\[18\],43.2µm
net2377,43.2µm
u_wm0.u_dm.data_mem\[9\]\[29\],43.18µm
net1874,43.16µm
_0837_,43.1µm
net1533,43.06µm
net2386,43.04µm
net1895,43.02µm
net2057,42.97µm
_1251_,42.92µm
_1099_,42.88µm
_0895_,42.76µm
net2942,42.76µm
_1098_,42.58µm
net1116,42.56µm
_2898_,42.56µm
_2896_,42.51µm
_1746_,42.5µm
_1664_,42.45µm
_2904_,42.26µm
_1351_,42.24µm
net1657,42.18µm
u_wm0.u_dm.data_mem\[14\]\[9\],42.08µm
_1593_,42µm
net2983,41.94µm
net1604,41.92µm
net2951,41.9µm
_1693_,41.88µm
_2826_,41.88µm
u_wm0.u_dm.data_mem\[0\]\[25\],41.82µm
_2797_,41.76µm
net1944,41.74µm
net2401,41.72µm
net1721,41.64µm
_1356_,41.58µm
U_rf0.rd\[1\]\[5\],41.52µm
u_wm0.u_dm.data_mem\[1\]\[26\],41.52µm
_1027_,41.5µm
_0777_,41.4µm
_1815_,41.26µm
_2785_,41.26µm
net1578,41.24µm
u_wm0.u_dm.data_mem\[6\]\[26\],41.2µm
net1994,41.17µm
_2563_,41µm
_2626_,41µm
_1151_,40.96µm
_1071_,40.78µm
net1482,40.77µm
net2487,40.74µm
U_rf0.rd\[2\]\[1\],40.72µm
_2796_,40.67µm
_0551_,40.635µm
net2184,40.63µm
_0886_,40.58µm
net2763,40.5µm
_0048_,40.46µm
U_rf0.rd\[3\]\[3\],40.44µm
u_wm0.u_dm.data_mem\[10\]\[25\],40.4µm
_1511_,40.3µm
_3051_,40.165µm
net3025,39.98µm
net3017,39.96µm
_1317_,39.92µm
net1571,39.86µm
_3079_,39.86µm
net1554,39.84µm
net1406,39.825µm
net1980,39.8µm
U_rf0.rd\[1\]\[2\],39.7µm
net2134,39.7µm
_0907_,39.68µm
_2737_,39.64µm
U_rf0.rd\[1\]\[19\],39.61µm
_3222_,39.44µm
_1315_,39.43µm
_1727_,39.4µm
net1248,39.28µm
_0828_,39.26µm
net1381,39.255µm
_1325_,39.24µm
net2063,39.23µm
net1124,39.21µm
U_rf0.rd\[10\]\[3\],39.2µm
u_wm0.u_dm.data_mem\[11\]\[11\],39.16µm
U_rf0.rd\[2\]\[27\],39.12µm
net1123,39.12µm
u_wm0.u_dm.data_mem\[0\]\[26\],39.11µm
_1543_,39.06µm
U_rf0.rd\[4\]\[10\],38.92µm
net1959,38.88µm
net1128,38.86µm
net1758,38.82µm
U_rf0.rd\[6\]\[5\],38.78µm
net1865,38.75µm
_1683_,38.74µm
net1468,38.7µm
_0906_,38.7µm
net2028,38.69µm
U_rf0.rd\[1\]\[6\],38.66µm
_1493_,38.66µm
_1064_,38.64µm
_1236_,38.64µm
_0878_,38.6µm
_1141_,38.56µm
_0836_,38.48µm
net2162,38.46µm
net1400,38.44µm
result[2],38.36µm
U_rf0.rd\[6\]\[15\],38.28µm
net1912,38.25µm
_3026_,38.24µm
U_rf0.rd\[2\]\[26\],38.2µm
_0933_,38.1µm
net1886,38.08µm
net1897,38.06µm
net1520,37.94µm
_1737_,37.92µm
_1587_,37.88µm
net2178,37.82µm
net1444,37.72µm
net1853,37.64µm
_1321_,37.59µm
_3011_,37.42µm
net1962,37.36µm
net1112,37.34µm
_1528_,37.32µm
net2666,37.32µm
_2665_,37.24µm
U_rf0.rd\[4\]\[1\],37.22µm
net1826,37.2µm
_0850_,37.2µm
_2634_,37.175µm
_1745_,37.12µm
_0864_,37.1µm
U_rf0.rd\[10\]\[26\],37.06µm
_1067_,37µm
_1348_,36.98µm
_3335_,36.88µm
U_rf0.rd\[4\]\[3\],36.86µm
U_rf0.rd\[5\]\[16\],36.74µm
_1763_,36.74µm
pc_plus4\[13\],36.74µm
u_wm0.u_dm.data_mem\[9\]\[25\],36.72µm
net2037,36.71µm
net2678,36.68µm
net1356,36.635µm
net2189,36.62µm
net1081,36.6µm
net1301,36.58µm
net1577,36.56µm
_2872_,36.56µm
u_wm0.u_dm.data_mem\[15\]\[9\],36.56µm
U_rf0.rd\[5\]\[7\],36.54µm
net2023,36.49µm
pc\[3\],36.48µm
net2631,36.48µm
_2756_,36.36µm
_0873_,36.34µm
_1056_,36.32µm
net3026,36.32µm
_2875_,36.28µm
u_wm0.u_dm.data_mem\[10\]\[19\],36.26µm
net2604,36.22µm
U_rf0.rd\[1\]\[4\],36.185µm
_2629_,36.18µm
_0875_,36.14µm
net2790,36.1µm
_2712_,36.04µm
net1957,36.04µm
_1106_,36.02µm
_1009_,35.94µm
net3043,35.94µm
u_wm0.u_dm.data_mem\[11\]\[0\],35.93µm
_1502_,35.84µm
u_wm0.u_dm.data_mem\[10\]\[17\],35.84µm
net2051,35.81µm
_2851_,35.8µm
u_wm0.u_dm.data_mem\[4\]\[20\],35.77µm
U_rf0.rd\[4\]\[24\],35.74µm
U_rf0.rd\[4\]\[6\],35.72µm
_1594_,35.72µm
_2936_,35.71µm
u_wm0.u_dm.data_mem\[7\]\[6\],35.68µm
net1936,35.62µm
u_wm0.u_dm.data_mem\[5\]\[17\],35.55µm
_2967_,35.54µm
net2068,35.41µm
_0813_,35.4µm
net1885,35.395µm
_2867_,35.34µm
net3006,35.28µm
_1650_,35.16µm
_1748_,35.14µm
U_rf0.rd\[4\]\[8\],35.1µm
_1100_,35.1µm
_1486_,35.05µm
_1496_,35.02µm
_1399_,35.01µm
net1910,34.98µm
_3147_,34.96µm
u_wm0.u_dm.data_mem\[13\]\[9\],34.82µm
_1072_,34.8µm
net1728,34.78µm
_2732_,34.78µm
result[26],34.71µm
net2122,34.66µm
net1493,34.61µm
U_rf0.rd\[6\]\[24\],34.6µm
net1650,34.58µm
net1497,34.58µm
net1965,34.54µm
net2871,34.54µm
_0876_,34.52µm
_1313_,34.49µm
_2696_,34.425µm
_1181_,34.4µm
U_rf0.rd\[10\]\[24\],34.32µm
net1548,34.28µm
net1373,34.26µm
U_rf0.rd\[1\]\[22\],34.225µm
U_rf0.rd\[5\]\[3\],34.18µm
net3001,34.18µm
U_rf0.rd\[10\]\[14\],34.16µm
net1576,34.14µm
net1833,34.12µm
net3005,34.12µm
net2016,34.1µm
_1747_,34.04µm
net1557,34.04µm
u_wm0.u_dm.data_mem\[6\]\[10\],33.96µm
_1705_,33.92µm
net1587,33.92µm
u_wm0.u_dm.data_mem\[5\]\[21\],33.9µm
net2694,33.88µm
net2039,33.86µm
net1176,33.72µm
_2713_,33.62µm
u_wm0.u_dm.data_mem\[4\]\[29\],33.62µm
net2783,33.62µm
_0912_,33.56µm
U_rf0.rd\[6\]\[17\],33.54µm
U_rf0.rd\[10\]\[31\],33.52µm
U_rf0.rd\[5\]\[1\],33.5µm
_1539_,33.5µm
u_wm0.u_dm.data_mem\[8\]\[12\],33.5µm
U_rf0.rd\[6\]\[22\],33.46µm
net1699,33.455µm
net1900,33.42µm
net1738,33.4µm
net1654,33.34µm
_0966_,33.3µm
_2911_,33.3µm
u_wm0.u_dm.data_mem\[6\]\[13\],33.28µm
_0799_,33.26µm
_1038_,33.24µm
U_rf0.rd\[1\]\[24\],33.235µm
_0920_,33.2µm
_0801_,33.16µm
_2750_,33.16µm
net2040,33.11µm
net1791,33.06µm
u_wm0.u_dm.data_mem\[5\]\[19\],33.02µm
_3195_,33µm
net2800,33µm
_2589_,32.985µm
u_wm0.u_dm.data_mem\[14\]\[26\],32.98µm
_1334_,32.92µm
net1904,32.88µm
net2038,32.81µm
_1530_,32.8µm
_3122_,32.76µm
net2471,32.68µm
_1791_,32.66µm
u_wm0.u_dm.data_mem\[9\]\[12\],32.66µm
net1831,32.64µm
_1425_,32.64µm
net1477,32.58µm
_1837_,32.58µm
U_rf0.rd\[2\]\[3\],32.56µm
_1037_,32.46µm
net2734,32.42µm
_2918_,32.34µm
U_rf0.rd\[6\]\[21\],32.28µm
_1435_,32.28µm
net1579,32.22µm
_0789_,32.22µm
u_wm0.u_dm.data_mem\[9\]\[26\],32.16µm
_2824_,32.14µm
net1523,32.12µm
_1278_,32.12µm
_0054_,32µm
_1327_,31.98µm
U_rf0.rd\[2\]\[29\],31.96µm
_2845_,31.92µm
net2992,31.9µm
_2627_,31.88µm
u_wm0.u_dm.data_mem\[8\]\[31\],31.88µm
U_rf0.rd\[4\]\[0\],31.86µm
_3015_,31.84µm
U_rf0.rd\[2\]\[15\],31.82µm
net1677,31.82µm
net2645,31.74µm
u_wm0.u_dm.data_mem\[1\]\[22\],31.7µm
net1595,31.66µm
u_wm0.u_dm.data_mem\[0\]\[9\],31.62µm
_1342_,31.6µm
U_rf0.rd\[4\]\[27\],31.58µm
_1715_,31.56µm
net1919,31.54µm
u_wm0.u_dm.data_mem\[12\]\[16\],31.54µm
_0877_,31.48µm
_0938_,31.34µm
net1626,31.34µm
net2087,31.3µm
U_rf0.rd\[1\]\[25\],31.27µm
_2888_,31.26µm
_1068_,31.2µm
net1378,31.19µm
_1716_,31.09µm
net1556,31.07µm
net2056,31.05µm
_1339_,30.98µm
u_wm0.u_dm.data_mem\[7\]\[5\],30.98µm
_2767_,30.94µm
net2510,30.94µm
net1669,30.92µm
_0797_,30.88µm
U_rf0.rd\[1\]\[12\],30.85µm
_0794_,30.84µm
net1326,30.84µm
net1296,30.82µm
_1329_,30.8µm
net2082,30.78µm
net1096,30.76µm
_2771_,30.76µm
_2615_,30.74µm
pc_plus4\[20\],30.74µm
_1577_,30.7µm
net1371,30.58µm
_0827_,30.58µm
_1261_,30.56µm
net2771,30.55µm
U_rf0.rd\[10\]\[25\],30.54µm
net1360,30.53µm
net2020,30.44µm
net1088,30.42µm
_1584_,30.4µm
net1942,30.34µm
_1443_,30.33µm
_2642_,30.32µm
net2780,30.32µm
u_wm0.u_dm.data_mem\[5\]\[6\],30.3µm
_1937_,30.28µm
_2834_,30.28µm
net1572,30.25µm
_0940_,30.2µm
_1290_,30.2µm
net2114,30.18µm
_1174_,30.18µm
net1966,30.18µm
_1124_,30.16µm
_1303_,30.16µm
_3004_,30.16µm
u_wm0.u_dm.data_mem\[15\]\[11\],30.04µm
net3030,30µm
U_rf0.rd\[4\]\[21\],29.96µm
u_wm0.u_dm.data_mem\[8\]\[6\],29.94µm
u_wm0.u_dm.data_mem\[4\]\[5\],29.92µm
net2055,29.91µm
U_rf0.rd\[10\]\[20\],29.9µm
net1854,29.86µm
net2964,29.86µm
_1581_,29.82µm
net1986,29.82µm
net2868,29.82µm
_1578_,29.8µm
_1512_,29.74µm
net1570,29.7µm
_1466_,29.7µm
_2585_,29.66µm
_2850_,29.66µm
_1171_,29.62µm
net1596,29.6µm
net1220,29.58µm
U_rf0.rd\[10\]\[18\],29.54µm
net1372,29.535µm
net2460,29.52µm
u_wm0.u_dm.data_mem\[15\]\[16\],29.5µm
net2021,29.49µm
_1546_,29.42µm
_3144_,29.42µm
_0045_,29.4µm
_0840_,29.4µm
_2658_,29.4µm
_2870_,29.24µm
_1674_,29.22µm
_1729_,29.22µm
u_wm0.u_dm.data_mem\[5\]\[13\],29.22µm
_2755_,29.2µm
_1662_,29.16µm
_0861_,29.06µm
_1077_,29µm
_1873_,28.98µm
net3027,28.95µm
_1557_,28.94µm
net1531,28.92µm
_3197_,28.92µm
u_wm0.u_dm.data_mem\[4\]\[17\],28.8µm
U_rf0.rd\[10\]\[19\],28.78µm
net2053,28.78µm
u_wm0.u_dm.data_mem\[4\]\[3\],28.74µm
u_wm0.u_dm.data_mem\[9\]\[17\],28.74µm
_1641_,28.72µm
net1430,28.66µm
u_wm0.u_dm.data_mem\[8\]\[19\],28.625µm
net1836,28.6µm
u_wm0.u_dm.data_mem\[4\]\[6\],28.6µm
U_rf0.rd\[3\]\[9\],28.58µm
net2934,28.54µm
_1368_,28.52µm
_0775_,28.5µm
_0884_,28.5µm
net1745,28.485µm
U_rf0.rd\[6\]\[6\],28.48µm
_0924_,28.44µm
u_wm0.u_dm.data_mem\[11\]\[17\],28.44µm
net3024,28.42µm
_1265_,28.4µm
_2577_,28.4µm
_0046_,28.36µm
_1134_,28.34µm
_2649_,28.24µm
_2637_,28.22µm
_1345_,28.2µm
_1274_,28.1µm
_3128_,28.1µm
net2847,28.02µm
_1257_,28µm
_2786_,27.96µm
_2968_,27.96µm
_2810_,27.94µm
u_wm0.u_dm.data_mem\[0\]\[11\],27.94µm
_2854_,27.92µm
_2636_,27.9µm
_3141_,27.88µm
_0818_,27.86µm
net1452,27.82µm
_0826_,27.82µm
_1423_,27.82µm
_2789_,27.82µm
_0043_,27.8µm
U_rf0.rd\[1\]\[29\],27.78µm
_1299_,27.72µm
_0925_,27.7µm
net1365,27.66µm
_1065_,27.66µm
U_rf0.rd\[2\]\[16\],27.65µm
u_wm0.u_dm.data_mem\[5\]\[16\],27.62µm
_1639_,27.6µm
_3021_,27.6µm
pc_plus4\[30\],27.5µm
u_wm0.u_dm.data_mem\[13\]\[26\],27.48µm
pc\[5\],27.44µm
_0887_,27.42µm
_1902_,27.42µm
u_wm0.u_dm.data_mem\[15\]\[10\],27.42µm
u_wm0.u_dm.data_mem\[7\]\[26\],27.42µm
_0820_,27.38µm
result[3],27.32µm
U_rf0.rd\[10\]\[28\],27.28µm
_0058_,27.28µm
_2624_,27.28µm
_2917_,27.28µm
pc_plus4\[19\],27.28µm
u_wm0.u_dm.data_mem\[4\]\[10\],27.24µm
_2733_,27.22µm
U_rf0.rd\[10\]\[27\],27.2µm
_1404_,27.2µm
net2161,27.1µm
u_wm0.u_dm.data_mem\[1\]\[10\],27.1µm
_0821_,27.08µm
_0930_,27.08µm
net2506,27.08µm
_1139_,27.02µm
_3023_,26.98µm
net2738,26.96µm
U_rf0.rd\[10\]\[0\],26.86µm
_0936_,26.86µm
_1081_,26.86µm
u_wm0.u_dm.data_mem\[9\]\[11\],26.8µm
U_rf0.rd\[10\]\[29\],26.78µm
net3004,26.7µm
u_wm0.u_dm.data_mem\[5\]\[20\],26.66µm
net2181,26.64µm
_1508_,26.64µm
net1085,26.6µm
u_wm0.u_dm.data_mem\[12\]\[9\],26.52µm
net2022,26.52µm
net1714,26.46µm
net2001,26.44µm
net2933,26.44µm
net2363,26.4µm
_0892_,26.4µm
net2808,26.4µm
net1744,26.38µm
_0919_,26.3µm
_3048_,26.1µm
_2971_,26.08µm
net1593,26.06µm
_1286_,26.04µm
u_wm0.u_dm.data_mem\[12\]\[11\],25.98µm
net3019,25.92µm
net2052,25.9µm
_1583_,25.9µm
_1191_,25.88µm
U_rf0.rd\[5\]\[9\],25.86µm
net2689,25.86µm
pc_plus4\[24\],25.84µm
_1156_,25.82µm
_1724_,25.82µm
net1147,25.82µm
net1700,25.74µm
net2680,25.74µm
net2018,25.72µm
net119,25.72µm
_0868_,25.68µm
_3145_,25.68µm
_2635_,25.66µm
_1104_,25.64µm
_2861_,25.64µm
net1733,25.6µm
u_wm0.u_dm.data_mem\[9\]\[19\],25.59µm
net1747,25.56µm
net2647,25.52µm
_1751_,25.5µm
_1088_,25.48µm
_1467_,25.44µm
net2753,25.42µm
net1925,25.4µm
_0793_,25.38µm
net2789,25.38µm
net2370,25.36µm
u_wm0.u_dm.data_mem\[0\]\[22\],25.36µm
_3143_,25.34µm
_1419_,25.28µm
_2630_,25.22µm
net2553,25.22µm
U_rf0.rd\[2\]\[17\],25.2µm
net1490,25.2µm
net1521,25.2µm
U_rf0.rd\[1\]\[8\],25.18µm
_2991_,25.18µm
_2639_,25.14µm
u_wm0.u_dm.data_mem\[9\]\[21\],25.14µm
net2180,25.1µm
u_wm0.u_dm.data_mem\[8\]\[22\],25.06µm
net2727,25µm
net1323,24.96µm
u_wm0.u_dm.data_mem\[5\]\[9\],24.96µm
u_wm0.u_dm.data_mem\[6\]\[5\],24.96µm
_1283_,24.94µm
_2728_,24.94µm
u_wm0.u_dm.data_mem\[10\]\[16\],24.93µm
net1830,24.92µm
u_wm0.u_dm.data_mem\[6\]\[19\],24.92µm
U_rf0.rd\[5\]\[23\],24.9µm
_1756_,24.78µm
_2938_,24.76µm
net2388,24.76µm
_1262_,24.68µm
net1785,24.68µm
_0825_,24.6µm
_2702_,24.6µm
net2554,24.6µm
U_rf0.rd\[10\]\[23\],24.54µm
_1554_,24.52µm
_1835_,24.48µm
pc_plus4\[14\],24.48µm
net2909,24.46µm
net1989,24.44µm
_0796_,24.42µm
net2456,24.42µm
_3083_,24.38µm
net2686,24.36µm
_1752_,24.34µm
net2679,24.34µm
_1214_,24.3µm
u_wm0.u_dm.data_mem\[10\]\[27\],24.3µm
net1803,24.26µm
_1245_,24.26µm
net1997,24.24µm
net2904,24.24µm
_3075_,24.22µm
_1280_,24.2µm
net2481,24.2µm
net1404,24.18µm
net1087,24.1µm
net1663,24.09µm
_0024_,24.08µm
u_wm0.u_dm.data_mem\[0\]\[14\],24.08µm
_2934_,24.04µm
u_wm0.u_dm.data_mem\[11\]\[10\],24µm
net2605,24µm
_1647_,23.96µm
_1598_,23.93µm
U_rf0.rd\[10\]\[16\],23.88µm
_2903_,23.86µm
_3210_,23.84µm
net1254,23.82µm
_2714_,23.78µm
u_wm0.u_dm.data_mem\[14\]\[6\],23.76µm
_1701_,23.72µm
u_wm0.u_dm.data_mem\[3\]\[0\],23.7µm
_1472_,23.68µm
_2945_,23.66µm
net1894,23.62µm
_1667_,23.6µm
_2734_,23.6µm
net1860,23.58µm
_3176_,23.54µm
u_wm0.u_dm.data_mem\[6\]\[6\],23.54µm
_1302_,23.52µm
net1884,23.52µm
_1463_,23.46µm
net1458,23.46µm
_2595_,23.44µm
U_rf0.rd\[10\]\[4\],23.42µm
net1460,23.42µm
net2541,23.42µm
_2932_,23.4µm
_3081_,23.38µm
u_wm0.u_dm.data_mem\[4\]\[9\],23.34µm
net2733,23.34µm
U_rf0.rd\[10\]\[5\],23.32µm
net1505,23.3µm
net1903,23.26µm
u_wm0.u_dm.data_mem\[5\]\[30\],23.26µm
_3206_,23.24µm
_3245_,23.22µm
_3080_,23.2µm
u_wm0.u_dm.data_mem\[11\]\[12\],23.16µm
net2857,23.16µm
U_rf0.rd\[1\]\[18\],23.145µm
_3073_,23.14µm
_2700_,23.12µm
U_rf0.rd\[6\]\[28\],23.08µm
net2369,23.08µm
_1838_,23.04µm
_3217_,23µm
net2173,22.98µm
_0804_,22.98µm
net1914,22.98µm
_2885_,22.98µm
_2089_,22.96µm
U_rf0.rd\[2\]\[10\],22.94µm
net2917,22.94µm
_0035_,22.84µm
_3221_,22.82µm
_0057_,22.8µm
_1564_,22.8µm
net2879,22.78µm
net1987,22.76µm
_1239_,22.74µm
u_wm0.u_dm.data_mem\[1\]\[9\],22.7µm
_1288_,22.68µm
_2823_,22.68µm
_2617_,22.67µm
pc_plus4\[12\],22.66µm
_0843_,22.6µm
u_wm0.u_dm.data_mem\[9\]\[24\],22.58µm
pc_plus4\[11\],22.56µm
_1129_,22.5µm
_2723_,22.46µm
u_wm0.u_dm.data_mem\[7\]\[19\],22.395µm
_1054_,22.38µm
net2730,22.3µm
net1451,22.28µm
_1157_,22.16µm
_2653_,22.16µm
_2976_,22.16µm
net2703,22.16µm
u_wm0.u_dm.data_mem\[4\]\[12\],22.1µm
net2410,22.08µm
net1921,22.075µm
_1005_,22.04µm
_2895_,22.04µm
_2970_,22.02µm
u_wm0.u_dm.data_mem\[2\]\[11\],22.02µm
_2957_,21.96µm
u_wm0.u_dm.data_mem\[7\]\[21\],21.935µm
U_rf0.rd\[10\]\[6\],21.92µm
_1271_,21.92µm
_1789_,21.9µm
net2997,21.9µm
pc_plus4\[16\],21.88µm
_1568_,21.84µm
U_rf0.rd\[6\]\[26\],21.8µm
u_wm0.u_dm.data_mem\[10\]\[31\],21.8µm
net2916,21.8µm
u_wm0.u_dm.data_mem\[3\]\[22\],21.73µm
net2004,21.72µm
_2749_,21.7µm
u_wm0.u_dm.data_mem\[14\]\[31\],21.7µm
U_rf0.rd\[6\]\[30\],21.69µm
_1397_,21.69µm
U_rf0.rd\[4\]\[29\],21.67µm
net1369,21.66µm
_3149_,21.66µm
_1227_,21.58µm
net1427,21.58µm
_2646_,21.58µm
_2924_,21.58µm
_3058_,21.48µm
_1375_,21.44µm
net2638,21.4µm
net1086,21.38µm
_0983_,21.38µm
_2954_,21.38µm
_1635_,21.34µm
net1958,21.34µm
net2716,21.32µm
net3032,21.28µm
net1082,21.24µm
net1370,21.16µm
_1270_,21.16µm
_2588_,21.16µm
_3118_,21.16µm
_0805_,21.15µm
net1510,21.14µm
_1148_,21.12µm
net2737,21.12µm
net1431,21.06µm
net1518,21.04µm
u_wm0.u_dm.data_mem\[10\]\[22\],21.03µm
u_wm0.u_dm.data_mem\[1\]\[5\],21µm
net2435,21µm
net2786,20.98µm
net2574,20.94µm
_0817_,20.92µm
_1388_,20.92µm
_1579_,20.92µm
net1993,20.92µm
net1861,20.9µm
_2722_,20.9µm
_1438_,20.88µm
pc_plus4\[17\],20.88µm
u_wm0.u_dm.data_mem\[2\]\[15\],20.84µm
_3150_,20.82µm
_1170_,20.8µm
_1652_,20.8µm
net2589,20.8µm
net1461,20.78µm
_1558_,20.78µm
u_wm0.u_dm.data_mem\[2\]\[31\],20.78µm
_1407_,20.74µm
u_wm0.u_dm.data_mem\[12\]\[10\],20.725µm
_2706_,20.7µm
u_wm0.u_dm.data_mem\[3\]\[9\],20.68µm
_1769_,20.67µm
_1367_,20.66µm
_1503_,20.66µm
net1099,20.64µm
u_wm0.u_dm.data_mem\[7\]\[29\],20.64µm
u_wm0.u_dm.data_mem\[8\]\[29\],20.62µm
net2974,20.62µm
net1353,20.6µm
_3014_,20.54µm
result[28],20.53µm
_3007_,20.52µm
_1552_,20.5µm
_2744_,20.48µm
_2813_,20.46µm
_1138_,20.44µm
u_wm0.u_dm.data_mem\[6\]\[22\],20.44µm
_0915_,20.42µm
_2788_,20.42µm
result[25],20.41µm
_2990_,20.4µm
_2587_,20.38µm
_1374_,20.32µm
_3146_,20.32µm
_3196_,20.32µm
U_rf0.rd\[5\]\[27\],20.26µm
net2469,20.24µm
net2379,20.22µm
U_rf0.rd\[2\]\[9\],20.2µm
_0989_,20.2µm
_1105_,20.2µm
_1085_,20.19µm
u_wm0.u_dm.data_mem\[12\]\[26\],20.18µm
_2840_,20.12µm
u_wm0.u_dm.data_mem\[0\]\[30\],20.12µm
u_wm0.u_dm.data_mem\[12\]\[7\],20.1µm
u_wm0.u_dm.data_mem\[12\]\[29\],20.095µm
_1462_,20.08µm
net2682,20.06µm
net2779,20.02µm
u_wm0.u_dm.data_mem\[13\]\[3\],20µm
net2691,19.98µm
_1809_,19.96µm
u_wm0.u_dm.data_mem\[6\]\[12\],19.96µm
u_wm0.u_dm.data_mem\[1\]\[25\],19.94µm
net2989,19.94µm
U_rf0.rd\[1\]\[17\],19.92µm
_1194_,19.92µm
_2886_,19.9µm
_1491_,19.88µm
U_rf0.rd\[6\]\[9\],19.86µm
_1385_,19.86µm
net2567,19.86µm
_2000_,19.84µm
u_wm0.u_dm.data_mem\[7\]\[12\],19.84µm
net2981,19.82µm
_0834_,19.81µm
_1380_,19.8µm
_2794_,19.8µm
net1582,19.76µm
_2792_,19.76µm
_1488_,19.74µm
_1700_,19.74µm
u_wm0.u_dm.data_mem\[7\]\[22\],19.71µm
_1096_,19.7µm
_1370_,19.7µm
_1338_,19.66µm
_2763_,19.66µm
net2648,19.64µm
net2635,19.6µm
u_wm0.u_dm.data_mem\[3\]\[31\],19.58µm
net2371,19.56µm
_0917_,19.52µm
net2642,19.52µm
_1268_,19.495µm
u_wm0.u_dm.data_mem\[5\]\[5\],19.48µm
net2746,19.48µm
_3199_,19.46µm
u_wm0.u_dm.data_mem\[10\]\[26\],19.45µm
net2151,19.44µm
_0939_,19.44µm
net2896,19.42µm
_3028_,19.4µm
u_wm0.u_dm.data_mem\[6\]\[30\],19.4µm
_1719_,19.38µm
_1961_,19.38µm
net2768,19.32µm
_1314_,19.3µm
net2629,19.3µm
u_wm0.u_dm.data_mem\[11\]\[25\],19.28µm
net2451,19.28µm
u_wm0.u_dm.data_mem\[12\]\[30\],19.26µm
net1837,19.24µm
u_wm0.u_dm.data_mem\[3\]\[26\],19.22µm
net2153,19.21µm
u_wm0.u_dm.data_mem\[11\]\[5\],19.2µm
net1828,19.18µm
_3126_,19.18µm
u_wm0.u_dm.data_mem\[3\]\[6\],19.18µm
u_wm0.u_dm.data_mem\[5\]\[11\],19.18µm
u_wm0.u_dm.data_mem\[6\]\[20\],19.18µm
net2634,19.18µm
net1489,19.16µm
_2806_,19.16µm
_2998_,19.16µm
u_wm0.u_dm.data_mem\[3\]\[5\],19.16µm
net2381,19.12µm
_1949_,19.12µm
result[8],19.1µm
u_wm0.u_dm.data_mem\[8\]\[10\],19.1µm
u_wm0.u_dm.data_mem\[15\]\[5\],19.06µm
_0047_,19.045µm
net2542,19.04µm
net1849,19.02µm
u_wm0.u_dm.data_mem\[13\]\[25\],19µm
_1032_,18.98µm
net2443,18.98µm
net2885,18.98µm
U_rf0.rd\[1\]\[31\],18.905µm
u_wm0.u_dm.data_mem\[6\]\[24\],18.9µm
u_wm0.u_dm.data_mem\[6\]\[3\],18.9µm
u_wm0.u_dm.data_mem\[13\]\[11\],18.84µm
net1506,18.8µm
u_wm0.u_dm.data_mem\[8\]\[17\],18.8µm
net2479,18.8µm
_1217_,18.78µm
_3022_,18.78µm
u_wm0.u_dm.data_mem\[2\]\[22\],18.78µm
u_wm0.u_dm.data_mem\[6\]\[29\],18.78µm
net3011,18.78µm
_1147_,18.74µm
_1324_,18.74µm
net1425,18.74µm
net1956,18.7µm
_2985_,18.68µm
_2899_,18.66µm
net2002,18.66µm
net2640,18.66µm
_1852_,18.64µm
net2960,18.64µm
net1943,18.62µm
_2877_,18.6µm
net1298,18.6µm
_1740_,18.58µm
_2783_,18.58µm
u_wm0.u_dm.data_mem\[11\]\[23\],18.58µm
net1300,18.56µm
_1279_,18.54µm
pc_plus4\[15\],18.53µm
_0809_,18.52µm
_2891_,18.52µm
net2616,18.52µm
_0032_,18.48µm
_2718_,18.48µm
u_wm0.u_dm.data_mem\[12\]\[25\],18.455µm
_3123_,18.42µm
u_wm0.u_dm.data_mem\[3\]\[24\],18.42µm
net2498,18.4µm
U_rf0.rd\[5\]\[24\],18.36µm
net2191,18.36µm
_1331_,18.32µm
_1034_,18.3µm
net1514,18.29µm
_0792_,18.28µm
_1510_,18.28µm
_2705_,18.24µm
u_wm0.u_dm.data_mem\[2\]\[29\],18.24µm
_1585_,18.23µm
U_rf0.rd\[5\]\[25\],18.22µm
net1255,18.22µm
u_wm0.u_dm.data_mem\[15\]\[25\],18.22µm
u_wm0.u_dm.data_mem\[2\]\[8\],18.2µm
u_wm0.u_dm.data_mem\[6\]\[0\],18.16µm
net2396,18.16µm
_1694_,18.14µm
u_wm0.u_dm.data_mem\[11\]\[30\],18.14µm
net2932,18.14µm
_0885_,18.12µm
U_rf0.rd\[5\]\[10\],18.06µm
_1025_,18.06µm
_2655_,18.06µm
_3189_,18.06µm
u_wm0.u_dm.data_mem\[7\]\[16\],18.06µm
_2738_,18.02µm
u_wm0.u_dm.data_mem\[1\]\[14\],18.02µm
net2528,18.02µm
_1322_,18µm
U_rf0.rd\[6\]\[27\],17.98µm
net2724,17.98µm
u_wm0.u_dm.data_mem\[3\]\[23\],17.96µm
net1084,17.94µm
pc_plus4\[23\],17.94µm
u_wm0.u_dm.data_mem\[11\]\[29\],17.94µm
net2434,17.94µm
result[29],17.93µm
result[30],17.93µm
_0835_,17.9µm
u_wm0.u_dm.data_mem\[0\]\[29\],17.9µm
net1242,17.86µm
u_wm0.u_dm.data_mem\[10\]\[29\],17.86µm
_0918_,17.82µm
_1201_,17.76µm
_1728_,17.76µm
_0950_,17.74µm
net2421,17.74µm
net2721,17.74µm
net1963,17.72µm
_3214_,17.72µm
u_wm0.u_dm.data_mem\[4\]\[21\],17.7µm
net1519,17.66µm
_3119_,17.66µm
u_wm0.u_dm.data_mem\[11\]\[6\],17.64µm
net2627,17.64µm
U_rf0.rd\[1\]\[13\],17.605µm
U_rf0.rd\[2\]\[19\],17.6µm
_2743_,17.6µm
_3376_,17.6µm
net1549,17.58µm
u_wm0.u_dm.data_mem\[9\]\[3\],17.58µm
u_wm0.u_dm.data_mem\[8\]\[5\],17.52µm
net2646,17.52µm
_1923_,17.51µm
U_rf0.rd\[7\]\[16\],17.48µm
u_wm0.u_dm.data_mem\[4\]\[18\],17.48µm
net2474,17.48µm
net2655,17.44µm
_2621_,17.435µm
_2614_,17.42µm
_3399_,17.42µm
_0942_,17.4µm
_2745_,17.4µm
u_wm0.u_dm.data_mem\[14\]\[27\],17.36µm
net1705,17.34µm
net1975,17.34µm
_2622_,17.32µm
u_wm0.u_dm.data_mem\[0\]\[23\],17.28µm
net2824,17.26µm
_1704_,17.24µm
net2791,17.24µm
net1091,17.22µm
net1470,17.22µm
net2840,17.22µm
net1299,17.21µm
_0565_,17.2µm
_1436_,17.2µm
U_rf0.rd\[1\]\[14\],17.195µm
net1777,17.18µm
net1409,17.17µm
u_wm0.u_dm.data_mem\[15\]\[8\],17.16µm
u_wm0.u_dm.data_mem\[4\]\[19\],17.16µm
_1686_,17.14µm
_2955_,17.14µm
net2798,17.14µm
net2175,17.1µm
_0894_,17.1µm
net2895,17.1µm
u_wm0.u_dm.data_mem\[0\]\[31\],17.08µm
_1534_,17.06µm
_2753_,17.06µm
u_wm0.u_dm.data_mem\[14\]\[29\],17.06µm
u_wm0.u_dm.data_mem\[4\]\[7\],17.04µm
net3042,17µm
_1696_,16.98µm
_2884_,16.98µm
u_wm0.u_dm.data_mem\[15\]\[31\],16.96µm
u_wm0.u_dm.data_mem\[2\]\[9\],16.94µm
u_wm0.u_dm.data_mem\[9\]\[5\],16.94µm
_3258_,16.88µm
u_wm0.u_dm.data_mem\[13\]\[7\],16.88µm
net3008,16.88µm
net2373,16.86µm
u_wm0.u_dm.data_mem\[14\]\[23\],16.82µm
_1470_,16.8µm
_1432_,16.78µm
_1834_,16.78µm
U_rf0.rd\[10\]\[11\],16.76µm
net1349,16.76µm
_2880_,16.76µm
_1736_,16.74µm
net2806,16.74µm
_0879_,16.72µm
net1219,16.72µm
_2972_,16.72µm
u_wm0.u_dm.data_mem\[2\]\[5\],16.72µm
net2442,16.72µm
net1503,16.7µm
_2857_,16.68µm
u_wm0.u_dm.data_mem\[10\]\[11\],16.68µm
u_wm0.u_dm.data_mem\[15\]\[29\],16.68µm
u_wm0.u_dm.data_mem\[5\]\[8\],16.66µm
u_wm0.u_dm.data_mem\[7\]\[30\],16.66µm
_1828_,16.64µm
u_wm0.u_dm.data_mem\[5\]\[0\],16.6µm
net2432,16.6µm
net2532,16.6µm
net2941,16.6µm
_1207_,16.56µm
net2596,16.54µm
net2955,16.54µm
net2439,16.52µm
U_rf0.rd\[10\]\[22\],16.5µm
_1537_,16.5µm
_0560_,16.48µm
_2724_,16.48µm
_2940_,16.48µm
net2961,16.48µm
_2695_,16.44µm
_2795_,16.44µm
net2668,16.44µm
_1575_,16.42µm
net2813,16.42µm
_3125_,16.415µm
_1762_,16.4µm
_3061_,16.4µm
u_wm0.u_dm.data_mem\[13\]\[5\],16.4µm
u_wm0.u_dm.data_mem\[14\]\[22\],16.4µm
u_wm0.u_dm.data_mem\[2\]\[6\],16.4µm
net1633,16.38µm
net2803,16.38µm
U_rf0.rd\[6\]\[23\],16.36µm
net2842,16.36µm
net2930,16.36µm
u_wm0.u_dm.data_mem\[5\]\[18\],16.355µm
_3170_,16.325µm
_1524_,16.32µm
net2089,16.32µm
net2512,16.3µm
net1379,16.26µm
_3400_,16.26µm
u_wm0.u_dm.data_mem\[10\]\[20\],16.26µm
u_wm0.u_dm.data_mem\[9\]\[27\],16.26µm
_1028_,16.24µm
_1653_,16.24µm
_2948_,16.24µm
net3037,16.24µm
u_wm0.u_dm.data_mem\[3\]\[25\],16.22µm
net1838,16.2µm
_3076_,16.18µm
net2557,16.18µm
u_wm0.u_dm.data_mem\[0\]\[5\],16.15µm
u_wm0.u_dm.data_mem\[4\]\[30\],16.14µm
_2865_,16.12µm
net1453,16.07µm
net1478,16.06µm
_1573_,16.02µm
u_wm0.u_dm.data_mem\[8\]\[3\],16.02µm
net2958,16µm
u_wm0.u_dm.data_mem\[8\]\[26\],15.99µm
_3167_,15.98µm
_3201_,15.98µm
net2843,15.96µm
net2953,15.96µm
_1592_,15.94µm
net2462,15.94µm
_1063_,15.92µm
net1658,15.9µm
u_wm0.u_dm.data_mem\[3\]\[10\],15.9µm
u_wm0.u_dm.data_mem\[9\]\[10\],15.9µm
net2393,15.9µm
net2374,15.88µm
net2765,15.88µm
net2784,15.88µm
_3324_,15.86µm
net2447,15.86µm
net2897,15.845µm
_2776_,15.84µm
net2728,15.84µm
_1989_,15.825µm
_1720_,15.82µm
_1725_,15.82µm
net1412,15.8µm
net1454,15.8µm
_1346_,15.78µm
u_wm0.u_dm.data_mem\[9\]\[20\],15.78µm
net2441,15.76µm
net2684,15.76µm
net2844,15.74µm
U_rf0.rd\[5\]\[26\],15.72µm
_1644_,15.72µm
net1875,15.72µm
u_wm0.u_dm.data_mem\[13\]\[29\],15.72µm
_2015_,15.7µm
u_wm0.u_dm.data_mem\[3\]\[12\],15.68µm
net2764,15.68µm
_1803_,15.64µm
U_rf0.rd\[2\]\[18\],15.6µm
_1538_,15.58µm
u_wm0.u_dm.data_mem\[7\]\[17\],15.58µm
_1133_,15.575µm
net2643,15.57µm
_1561_,15.56µm
_0041_,15.52µm
_1718_,15.52µm
_2966_,15.5µm
_1418_,15.48µm
u_wm0.u_dm.data_mem\[14\]\[12\],15.48µm
_3025_,15.46µm
_3053_,15.46µm
u_wm0.u_dm.data_mem\[1\]\[11\],15.46µm
net2490,15.46µm
net1901,15.44µm
u_wm0.u_dm.data_mem\[14\]\[13\],15.43µm
net2394,15.42µm
_1569_,15.4µm
_1684_,15.4µm
_1238_,15.38µm
u_wm0.u_dm.data_mem\[1\]\[8\],15.34µm
net1368,15.3µm
_2623_,15.3µm
_2830_,15.3µm
_2925_,15.3µm
_1006_,15.28µm
net2744,15.28µm
_1287_,15.26µm
_3164_,15.26µm
_1533_,15.24µm
_0556_,15.22µm
_1231_,15.21µm
pc_plus4\[18\],15.2µm
net2414,15.16µm
_1369_,15.12µm
u_wm0.u_dm.data_mem\[5\]\[3\],15.12µm
_1553_,15.11µm
_1446_,15.1µm
net2129,15.06µm
_0888_,15.02µm
_1457_,15.02µm
_3129_,15µm
_0773_,14.98µm
_2752_,14.92µm
u_wm0.u_dm.data_mem\[9\]\[0\],14.9µm
U_rf0.rd\[2\]\[22\],14.88µm
_3124_,14.88µm
net2888,14.88µm
result[11],14.86µm
result[12],14.86µm
result[13],14.86µm
result[15],14.86µm
u_wm0.u_dm.data_mem\[0\]\[7\],14.86µm
_0926_,14.84µm
_2883_,14.84µm
U_rf0.rd\[1\]\[16\],14.82µm
_1995_,14.82µm
_2619_,14.82µm
_1136_,14.8µm
_1354_,14.8µm
net2706,14.8µm
u_wm0.u_dm.data_mem\[3\]\[19\],14.78µm
_1246_,14.76µm
_1361_,14.76µm
_1445_,14.76µm
_1392_,14.72µm
_2828_,14.7µm
_1344_,14.64µm
u_wm0.u_dm.data_mem\[0\]\[24\],14.64µm
net2876,14.64µm
net2484,14.62µm
u_wm0.u_dm.data_mem\[14\]\[25\],14.61µm
net2111,14.6µm
_0839_,14.6µm
_3116_,14.58µm
u_wm0.u_dm.data_mem\[8\]\[30\],14.56µm
u_wm0.u_dm.data_mem\[14\]\[8\],14.555µm
u_wm0.u_dm.data_mem\[3\]\[3\],14.54µm
net1471,14.52µm
net1674,14.52µm
u_wm0.u_dm.data_mem\[9\]\[22\],14.52µm
_1702_,14.51µm
net2431,14.5µm
_1173_,14.48µm
_3027_,14.48µm
net2663,14.48µm
pc_plus4\[3\],14.46µm
u_wm0.u_dm.data_mem\[11\]\[31\],14.46µm
u_wm0.u_dm.data_mem\[12\]\[27\],14.46µm
net2587,14.46µm
u_wm0.u_dm.data_mem\[7\]\[8\],14.44µm
_1515_,14.43µm
_0847_,14.42µm
_1379_,14.42µm
_3168_,14.42µm
net2159,14.4µm
_2864_,14.38µm
_2979_,14.34µm
net2600,14.34µm
_2965_,14.32µm
_0049_,14.3µm
_1513_,14.3µm
_2725_,14.28µm
u_wm0.u_dm.data_mem\[0\]\[6\],14.24µm
u_wm0.u_dm.data_mem\[14\]\[3\],14.22µm
_0931_,14.18µm
_0802_,14.14µm
net1354,14.14µm
_2613_,14.14µm
u_wm0.u_dm.data_mem\[4\]\[15\],14.14µm
_2956_,14.12µm
net2799,14.12µm
_2901_,14.105µm
_1389_,14.1µm
_1424_,14.1µm
_2773_,14.1µm
_2987_,14.1µm
_2762_,14.08µm
net1465,14.04µm
net2391,14.04µm
net2770,14.04µm
net1351,14.02µm
_2825_,14µm
u_wm0.u_dm.data_mem\[13\]\[31\],14µm
net2695,14µm
_1120_,13.98µm
_1843_,13.96µm
net2530,13.96µm
net2075,13.94µm
_0772_,13.94µm
u_wm0.u_dm.data_mem\[6\]\[15\],13.94µm
result[10],13.94µm
u_wm0.u_dm.data_mem\[4\]\[16\],13.93µm
u_wm0.u_dm.data_mem\[0\]\[0\],13.92µm
u_wm0.u_dm.data_mem\[12\]\[3\],13.92µm
net2807,13.92µm
_1179_,13.9µm
_0854_,13.88µm
_1498_,13.88µm
net2999,13.88µm
_0586_,13.86µm
_1638_,13.86µm
net2190,13.84µm
_1256_,13.84µm
U_rf0.rd\[1\]\[9\],13.82µm
u_wm0.u_dm.data_mem\[1\]\[7\],13.805µm
net2637,13.8µm
net1856,13.78µm
_1242_,13.76µm
_1249_,13.76µm
_2739_,13.76µm
u_wm0.u_dm.data_mem\[1\]\[23\],13.76µm
_2618_,13.7µm
net2503,13.66µm
net2546,13.66µm
u_wm0.u_dm.data_mem\[0\]\[12\],13.64µm
u_wm0.u_dm.data_mem\[8\]\[23\],13.64µm
_0746_,13.62µm
_0788_,13.62µm
u_wm0.u_dm.data_mem\[11\]\[27\],13.62µm
_0914_,13.61µm
_1409_,13.6µm
net2597,13.6µm
net1644,13.58µm
net2702,13.58µm
_1555_,13.56µm
_2668_,13.56µm
pc_plus4\[21\],13.54µm
_3203_,13.5µm
net2516,13.46µm
net2603,13.46µm
net1775,13.44µm
net2171,13.42µm
u_wm0.u_dm.data_mem\[11\]\[26\],13.42µm
result[19],13.41µm
_3036_,13.38µm
net2690,13.38µm
_0780_,13.3µm
u_wm0.u_dm.data_mem\[9\]\[23\],13.3µm
_2974_,13.28µm
net2705,13.28µm
net1501,13.26µm
_1169_,13.26µm
_1190_,13.26µm
net2777,13.22µm
_0542_,13.2µm
_0583_,13.2µm
net2747,13.2µm
net2797,13.2µm
net1487,13.16µm
net1551,13.12µm
net2590,13.12µm
u_wm0.u_dm.data_mem\[2\]\[10\],13.1µm
_2703_,13.085µm
_1042_,13.08µm
_1596_,13.08µm
_2843_,13.08µm
u_wm0.u_dm.data_mem\[6\]\[16\],13.08µm
net2854,13.08µm
net2905,13.08µm
_0922_,13.06µm
_1281_,13.06µm
U_rf0.rd\[10\]\[7\],13.04µm
_0554_,13.04µm
_1973_,13.04µm
net2756,13.04µm
net2889,13.04µm
u_wm0.u_dm.data_mem\[8\]\[7\],13.015µm
_1118_,13µm
_1529_,12.98µm
u_wm0.u_dm.data_mem\[14\]\[7\],12.98µm
_1366_,12.96µm
_3153_,12.96µm
net3048,12.96µm
_0871_,12.94µm
_0036_,12.92µm
net1401,12.92µm
_1040_,12.92µm
u_wm0.u_dm.data_mem\[2\]\[25\],12.92µm
_1590_,12.9µm
net1532,12.89µm
_1749_,12.88µm
_1474_,12.86µm
net1428,12.82µm
net3023,12.82µm
U_rf0.rd\[1\]\[11\],12.8µm
_1519_,12.8µm
u_wm0.u_dm.data_mem\[3\]\[7\],12.8µm
u_wm0.u_dm.data_mem\[7\]\[9\],12.8µm
_0866_,12.76µm
_0862_,12.74µm
_3177_,12.74µm
_1414_,12.72µm
_1994_,12.7µm
_2581_,12.7µm
net2719,12.7µm
net2948,12.68µm
net1432,12.66µm
_0599_,12.66µm
_1189_,12.66µm
_2961_,12.66µm
u_wm0.u_dm.data_mem\[11\]\[21\],12.66µm
net2785,12.66µm
net2982,12.66µm
_0546_,12.64µm
_1951_,12.64µm
net2395,12.64µm
result[18],12.63µm
net2508,12.62µm
net2890,12.62µm
result[17],12.61µm
net2154,12.58µm
_2908_,12.58µm
_0552_,12.54µm
net1581,12.54µm
u_wm0.u_dm.data_mem\[10\]\[23\],12.54µm
U_rf0.rd\[10\]\[8\],12.5µm
_1203_,12.5µm
_2775_,12.5µm
u_wm0.u_dm.data_mem\[0\]\[15\],12.5µm
u_wm0.u_dm.data_mem\[14\]\[11\],12.5µm
u_wm0.u_dm.data_mem\[15\]\[23\],12.5µm
u_wm0.u_dm.data_mem\[7\]\[24\],12.5µm
net2776,12.5µm
_0545_,12.46µm
u_wm0.u_dm.data_mem\[13\]\[6\],12.46µm
u_wm0.u_dm.data_mem\[15\]\[7\],12.46µm
u_wm0.u_dm.data_mem\[5\]\[10\],12.46µm
net1610,12.455µm
u_wm0.u_dm.data_mem\[7\]\[20\],12.45µm
_2816_,12.44µm
u_wm0.u_dm.data_mem\[3\]\[30\],12.42µm
u_wm0.u_dm.data_mem\[5\]\[23\],12.42µm
_1337_,12.4µm
_2592_,12.4µm
U_rf0.rd\[2\]\[23\],12.38µm
_2667_,12.38µm
_3320_,12.38µm
u_wm0.u_dm.data_mem\[2\]\[24\],12.38µm
_2146_,12.365µm
net1659,12.345µm
net1495,12.33µm
net1832,12.32µm
_3298_,12.305µm
_1075_,12.3µm
_1478_,12.3µm
result[21],12.29µm
net2565,12.28µm
net2623,12.28µm
_3339_,12.26µm
_3055_,12.24µm
net2822,12.24µm
net2826,12.24µm
u_wm0.u_dm.data_mem\[3\]\[29\],12.22µm
net3031,12.22µm
_1556_,12.2µm
net2548,12.2µm
net2823,12.2µm
net1241,12.18µm
U_rf0.rd\[2\]\[12\],12.16µm
_1130_,12.16µm
net2887,12.16µm
net2745,12.125µm
_3394_,12.12µm
_1993_,12.115µm
result[9],12.1µm
net1783,12.1µm
U_rf0.rd\[5\]\[29\],12.08µm
U_rf0.rd\[6\]\[29\],12.08µm
net2413,12.08µm
net2526,12.08µm
net2755,12.08µm
_2952_,12.06µm
_2847_,12.04µm
net1876,12.04µm
u_wm0.u_dm.data_mem\[0\]\[10\],12.04µm
_0852_,12.02µm
_1264_,12µm
_1253_,11.98µm
_1357_,11.96µm
_0553_,11.94µm
_2950_,11.94µm
u_wm0.u_dm.data_mem\[5\]\[24\],11.94µm
_2666_,11.92µm
_3008_,11.92µm
_3373_,11.92µm
net2658,11.92µm
net1552,11.9µm
_0900_,11.88µm
_0776_,11.84µm
_3244_,11.82µm
net2864,11.82µm
_1240_,11.8µm
net2524,11.78µm
_1244_,11.76µm
_3184_,11.76µm
pc_plus4\[8\],11.74µm
u_wm0.u_dm.data_mem\[11\]\[19\],11.74µm
u_wm0.u_dm.data_mem\[6\]\[9\],11.74µm
net2718,11.74µm
net2792,11.74µm
net2835,11.74µm
net2922,11.74µm
_1021_,11.72µm
_1310_,11.72µm
_1437_,11.72µm
net2428,11.72µm
U_rf0.rd\[1\]\[30\],11.7µm
net1770,11.7µm
net1813,11.7µm
_3151_,11.7µm
_3183_,11.7µm
u_wm0.u_dm.data_mem\[8\]\[0\],11.7µm
net2918,11.7µm
_3319_,11.68µm
u_wm0.u_dm.data_mem\[6\]\[31\],11.68µm
net2866,11.66µm
net2731,11.64µm
net2473,11.62µm
net2549,11.62µm
net2622,11.62µm
net3038,11.62µm
_2992_,11.58µm
u_wm0.u_dm.data_mem\[8\]\[25\],11.56µm
_2863_,11.54µm
net1464,11.52µm
_2793_,11.5µm
net1628,11.5µm
net2610,11.5µm
net2880,11.5µm
net2943,11.5µm
net2376,11.48µm
u_wm0.u_dm.data_mem\[15\]\[27\],11.48µm
_1465_,11.44µm
u_wm0.u_dm.data_mem\[6\]\[17\],11.4µm
_0768_,11.38µm
_0964_,11.38µm
net2913,11.38µm
net2936,11.38µm
_2572_,11.36µm
u_wm0.u_dm.data_mem\[7\]\[3\],11.36µm
net3046,11.36µm
_1018_,11.34µm
net1347,11.33µm
_0053_,11.32µm
_1697_,11.32µm
_2644_,11.32µm
_2678_,11.32µm
_2808_,11.32µm
net2820,11.32µm
_0832_,11.3µm
_2772_,11.3µm
u_wm0.u_dm.data_mem\[14\]\[10\],11.3µm
net2978,11.3µm
net1158,11.28µm
u_wm0.u_dm.data_mem\[7\]\[0\],11.28µm
net2736,11.28µm
net2713,11.26µm
net1707,11.24µm
u_wm0.u_dm.data_mem\[15\]\[14\],11.24µm
u_wm0.u_dm.data_mem\[9\]\[31\],11.24µm
net2858,11.24µm
_1004_,11.22µm
u_wm0.u_dm.data_mem\[10\]\[8\],11.22µm
u_wm0.u_dm.data_mem\[2\]\[3\],11.22µm
U_rf0.rd\[10\]\[21\],11.2µm
_0581_,11.2µm
_1269_,11.2µm
_1709_,11.2µm
_3140_,11.2µm
u_wm0.u_dm.data_mem\[13\]\[0\],11.2µm
net2828,11.2µm
net2144,11.18µm
_1589_,11.16µm
_2573_,11.16µm
net2621,11.16µm
net2749,11.16µm
u_wm0.u_dm.data_mem\[10\]\[3\],11.14µm
_2541_,11.135µm
_0555_,11.12µm
net1787,11.12µm
u_wm0.u_dm.data_mem\[4\]\[11\],11.12µm
_1535_,11.105µm
_1784_,11.1µm
net2839,11.1µm
_1235_,11.08µm
_1675_,11.08µm
_2951_,11.08µm
u_wm0.u_dm.data_mem\[11\]\[22\],11.08µm
u_wm0.u_dm.data_mem\[7\]\[7\],11.08µm
_3229_,11.065µm
net2112,11.04µm
_1102_,11.04µm
_1117_,11.04µm
_1633_,11.04µm
_1919_,11.04µm
net2929,11.04µm
net2624,11.02µm
net2545,11µm
net2874,11µm
net2472,10.98µm
net2495,10.98µm
net3047,10.98µm
_0038_,10.97µm
_3333_,10.965µm
_1560_,10.96µm
net1253,10.96µm
_2820_,10.96µm
net1395,10.96µm
_1801_,10.94µm
_2729_,10.92µm
_3306_,10.92µm
u_wm0.u_dm.data_mem\[5\]\[15\],10.92µm
u_wm0.u_dm.data_mem\[6\]\[23\],10.92µm
_0002_,10.9µm
net2149,10.9µm
_1591_,10.9µm
_2620_,10.9µm
net1350,10.86µm
_3174_,10.86µm
u_wm0.u_dm.data_mem\[15\]\[6\],10.86µm
net2609,10.86µm
net2944,10.86µm
_2100_,10.845µm
net1411,10.82µm
_2927_,10.82µm
u_wm0.u_dm.data_mem\[10\]\[5\],10.82µm
u_wm0.u_dm.data_mem\[14\]\[14\],10.82µm
net2430,10.82µm
net2750,10.82µm
net2884,10.82µm
net2886,10.82µm
_2149_,10.815µm
_0923_,10.8µm
net1829,10.78µm
_1383_,10.78µm
_1744_,10.78µm
_1804_,10.78µm
_2994_,10.78µm
net2482,10.78µm
net2766,10.78µm
net2935,10.78µm
_2547_,10.765µm
net2914,10.76µm
_1576_,10.74µm
net2875,10.74µm
net2152,10.7µm
_1218_,10.7µm
_1276_,10.7µm
_2155_,10.7µm
_2900_,10.7µm
net1868,10.68µm
_1333_,10.68µm
_1829_,10.67µm
_2912_,10.66µm
_3186_,10.66µm
_3224_,10.66µm
net1565,10.64µm
_1026_,10.62µm
_1775_,10.62µm
net2700,10.62µm
_0889_,10.6µm
u_wm0.u_dm.data_mem\[5\]\[7\],10.6µm
_3309_,10.585µm
_1545_,10.58µm
_3052_,10.58µm
_2986_,10.56µm
_3037_,10.56µm
_1377_,10.54µm
net3015,10.54µm
net1645,10.52µm
net2613,10.52µm
net2748,10.52µm
U_rf0.rd\[2\]\[4\],10.5µm
_1563_,10.5µm
_1776_,10.5µm
u_wm0.u_dm.data_mem\[0\]\[8\],10.5µm
_1742_,10.485µm
net1525,10.48µm
_3344_,10.46µm
u_wm0.u_dm.data_mem\[11\]\[16\],10.46µm
net2794,10.46µm
_0547_,10.44µm
_2809_,10.44µm
net2520,10.44µm
net2856,10.44µm
net1148,10.42µm
_1007_,10.4µm
_2805_,10.4µm
net2669,10.4µm
net2732,10.4µm
U_rf0.rd\[10\]\[10\],10.38µm
_0897_,10.38µm
_1232_,10.38µm
_1506_,10.38µm
_2814_,10.36µm
u_wm0.u_dm.data_mem\[4\]\[23\],10.36µm
net1973,10.36µm
net2861,10.36µm
_1622_,10.34µm
_0881_,10.32µm
_1597_,10.32µm
u_wm0.u_dm.data_mem\[7\]\[15\],10.32µm
net2873,10.32µm
net2912,10.32µm
_1571_,10.3µm
net2155,10.28µm
_3166_,10.28µm
net2489,10.28µm
net2877,10.28µm
_3321_,10.26µm
u_wm0.u_dm.data_mem\[4\]\[0\],10.26µm
net1090,10.24µm
net1456,10.24µm
_3038_,10.24µm
_3044_,10.24µm
_3158_,10.24µm
result[23],10.23µm
_2777_,10.22µm
_2791_,10.22µm
net1136,10.2µm
_1430_,10.2µm
net2543,10.2µm
net2851,10.2µm
_2494_,10.185µm
u_wm0.u_dm.data_mem\[15\]\[30\],10.18µm
net1135,10.16µm
u_wm0.u_dm.data_mem\[12\]\[15\],10.16µm
_1865_,10.14µm
u_wm0.u_dm.data_mem\[8\]\[16\],10.14µm
U_rf0.rd\[10\]\[13\],10.12µm
u_wm0.u_dm.data_mem\[9\]\[15\],10.12µm
net2811,10.12µm
net2893,10.12µm
net3044,10.1µm
_1634_,10.08µm
net2692,10.06µm
net2990,10.06µm
_2179_,10.045µm
_3357_,10.04µm
net3009,10.02µm
_1444_,10µm
_1657_,10µm
u_wm0.u_dm.data_mem\[12\]\[5\],10µm
u_wm0.u_dm.data_mem\[15\]\[22\],10µm
_1284_,9.98µm
_2969_,9.98µm
_3403_,9.98µm
net3035,9.98µm
_0577_,9.94µm
u_wm0.u_dm.data_mem\[2\]\[23\],9.94µm
u_wm0.u_dm.data_mem\[5\]\[22\],9.94µm
net2457,9.94µm
net2900,9.94µm
net3021,9.94µm
_1673_,9.92µm
_3342_,9.92µm
net2529,9.92µm
_2801_,9.9µm
pc_plus4\[0\],9.9µm
u_wm0.u_dm.data_mem\[9\]\[7\],9.9µm
_2239_,9.895µm
result[20],9.89µm
result[22],9.89µm
_0908_,9.88µm
_1525_,9.88µm
net2142,9.88µm
net1722,9.86µm
u_wm0.u_dm.data_mem\[7\]\[31\],9.86µm
_0021_,9.84µm
U_rf0.rd\[4\]\[5\],9.82µm
net1591,9.82µm
net2980,9.82µm
_1764_,9.8µm
_2250_,9.785µm
_1092_,9.78µm
_1326_,9.78µm
_1582_,9.78µm
u_wm0.u_dm.data_mem\[1\]\[15\],9.78µm
net1363,9.74µm
net1221,9.74µm
_2339_,9.735µm
_2074_,9.725µm
net1507,9.72µm
u_wm0.u_dm.data_mem\[5\]\[31\],9.72µm
u_wm0.u_dm.data_mem\[7\]\[10\],9.72µm
u_wm0.u_dm.data_mem\[9\]\[8\],9.7µm
_0019_,9.68µm
net2480,9.66µm
net3018,9.66µm
result[31],9.65µm
_2223_,9.645µm
_1698_,9.64µm
net3028,9.64µm
net2176,9.62µm
net1408,9.62µm
net2641,9.62µm
_3029_,9.54µm
_3030_,9.54µm
net1641,9.53µm
u_wm0.u_dm.data_mem\[13\]\[15\],9.52µm
net2424,9.52µm
net2788,9.52µm
net2809,9.52µm
net2924,9.52µm
u_wm0.u_dm.data_mem\[1\]\[3\],9.51µm
net1448,9.5µm
net1798,9.48µm
u_wm0.u_dm.data_mem\[3\]\[14\],9.48µm
net2437,9.48µm
net2560,9.48µm
net2687,9.48µm
net2782,9.48µm
_2489_,9.465µm
_1521_,9.44µm
_2818_,9.44µm
_2953_,9.44µm
u_wm0.u_dm.data_mem\[11\]\[15\],9.44µm
_1320_,9.42µm
_1676_,9.42µm
net2717,9.42µm
_1010_,9.4µm
net2466,9.4µm
net2619,9.38µm
_1155_,9.36µm
_2610_,9.36µm
net2499,9.36µm
net2881,9.36µm
u_wm0.u_dm.data_mem\[13\]\[12\],9.35µm
net1513,9.34µm
net1375,9.34µm
_0867_,9.34µm
_0870_,9.34µm
net1638,9.34µm
_1330_,9.34µm
_1540_,9.32µm
_1685_,9.32µm
_3002_,9.32µm
net2411,9.32µm
_2243_,9.315µm
net2878,9.3µm
_1661_,9.28µm
_3286_,9.28µm
u_wm0.u_dm.data_mem\[6\]\[18\],9.28µm
_2869_,9.275µm
_2521_,9.245µm
net2375,9.24µm
u_wm0.u_dm.data_mem\[10\]\[7\],9.24µm
_1267_,9.22µm
_0509_,9.2µm
_2913_,9.2µm
net2399,9.2µm
net2598,9.2µm
u_wm0.u_dm.data_mem\[3\]\[13\],9.19µm
_2473_,9.185µm
net2891,9.185µm
net2380,9.18µm
net2568,9.18µm
_1717_,9.175µm
u_wm0.u_dm.data_mem\[8\]\[21\],9.16µm
_2246_,9.155µm
u_wm0.u_dm.data_mem\[11\]\[3\],9.14µm
net2606,9.14µm
net2659,9.14µm
_1359_,9.12µm
_2181_,9.12µm
net2848,9.12µm
_3299_,9.1µm
_1840_,9.08µm
_2973_,9.08µm
pc_plus4\[10\],9.08µm
net2773,9.08µm
_2849_,9.06µm
net2966,9.06µm
_1206_,9.04µm
_2768_,9.04µm
net3040,9.04µm
_1408_,9.02µm
_3215_,9.02µm
_3278_,9.02µm
net1984,9.02µm
net2446,9.02µm
net2501,9.02µm
net2674,9.02µm
net2892,9.02µm
U_rf0.rd\[1\]\[21\],9.015µm
_2398_,9.015µm
_0860_,9µm
u_wm0.u_dm.data_mem\[1\]\[24\],9µm
net1985,9µm
net2080,8.98µm
_1477_,8.98µm
u_wm0.u_dm.data_mem\[3\]\[8\],8.98µm
net2426,8.98µm
net2652,8.98µm
_1254_,8.96µm
net1446,8.96µm
_0558_,8.94µm
_1031_,8.94µm
u_wm0.u_dm.data_mem\[4\]\[22\],8.94µm
u_wm0.u_dm.data_mem\[10\]\[24\],8.92µm
_1431_,8.915µm
_1013_,8.9µm
_1119_,8.9µm
_2716_,8.9µm
_1195_,8.88µm
_1308_,8.88µm
_1469_,8.86µm
_3010_,8.86µm
u_wm0.u_dm.data_mem\[11\]\[24\],8.86µm
_2790_,8.82µm
net2092,8.82µm
u_wm0.u_dm.data_mem\[15\]\[26\],8.8µm
net2898,8.8µm
net2985,8.8µm
_2294_,8.785µm
_1754_,8.78µm
_3380_,8.78µm
u_wm0.u_dm.data_mem\[2\]\[12\],8.78µm
u_wm0.u_dm.data_mem\[9\]\[30\],8.78µm
_1942_,8.725µm
net2870,8.72µm
net2923,8.72µm
net2968,8.72µm
U_rf0.rd\[1\]\[28\],8.705µm
_3346_,8.7µm
u_wm0.u_dm.data_mem\[1\]\[31\],8.69µm
_1782_,8.68µm
_1821_,8.68µm
_3032_,8.68µm
net2519,8.68µm
net3002,8.68µm
net3033,8.68µm
net1380,8.67µm
_0803_,8.66µm
u_wm0.u_dm.data_mem\[13\]\[30\],8.66µm
_0042_,8.64µm
net1731,8.63µm
_2444_,8.625µm
_0550_,8.62µm
_1052_,8.62µm
_1108_,8.62µm
net2448,8.62µm
net2555,8.62µm
net2698,8.62µm
_2031_,8.615µm
_1595_,8.6µm
_3220_,8.6µm
_3382_,8.6µm
u_wm0.u_dm.data_mem\[15\]\[3\],8.6µm
net2550,8.6µm
net2618,8.6µm
net2894,8.6µm
net3034,8.6µm
_0994_,8.59µm
net2124,8.58µm
u_wm0.u_dm.data_mem\[6\]\[8\],8.58µm
net3036,8.58µm
_0566_,8.56µm
_1123_,8.56µm
u_wm0.u_dm.data_mem\[11\]\[8\],8.56µm
net2450,8.56µm
net2607,8.56µm
net2996,8.56µm
_2342_,8.545µm
_1044_,8.54µm
_3369_,8.54µm
_0020_,8.52µm
net1812,8.52µm
net1346,8.52µm
u_wm0.u_dm.data_mem\[13\]\[22\],8.52µm
net2781,8.52µm
net2969,8.52µm
result[16],8.51µm
_1956_,8.5µm
_2747_,8.48µm
u_wm0.u_dm.data_mem\[6\]\[7\],8.48µm
net1467,8.46µm
net1810,8.46µm
net2938,8.445µm
net1814,8.44µm
_1541_,8.44µm
net2825,8.44µm
u_wm0.u_dm.data_mem\[15\]\[15\],8.42µm
_2098_,8.405µm
_1643_,8.4µm
_1703_,8.4µm
u_wm0.u_dm.data_mem\[14\]\[0\],8.4µm
net1457,8.38µm
_1097_,8.36µm
_1178_,8.36µm
net2976,8.36µm
_2510_,8.345µm
u_wm0.u_dm.data_mem\[2\]\[13\],8.34µm
_0770_,8.32µm
_1825_,8.32µm
_2249_,8.32µm
u_wm0.u_dm.data_mem\[4\]\[8\],8.32µm
net2760,8.32µm
net2882,8.32µm
_1145_,8.3µm
_1714_,8.3µm
_0559_,8.28µm
_0593_,8.28µm
_1341_,8.28µm
_2787_,8.28µm
net2564,8.28µm
net2470,8.26µm
_1384_,8.24µm
_2766_,8.24µm
net2527,8.22µm
_2219_,8.215µm
_3240_,8.205µm
_1439_,8.2µm
_1660_,8.18µm
net2141,8.16µm
_1243_,8.16µm
_1621_,8.16µm
_2593_,8.16µm
net2827,8.16µm
net2920,8.16µm
net2172,8.14µm
_2852_,8.14µm
net2493,8.14µm
net2496,8.14µm
net2502,8.14µm
net2556,8.14µm
net2991,8.14µm
_0831_,8.12µm
U_rf0.rd\[7\]\[6\],8.1µm
_0598_,8.1µm
net2594,8.1µm
_3358_,8.08µm
result[24],8.07µm
U_rf0.rd\[2\]\[5\],8.06µm
net1392,8.06µm
_0562_,8.06µm
_1612_,8.06µm
u_wm0.u_dm.data_mem\[8\]\[15\],8.06µm
net2865,8.04µm
net1410,8.02µm
_0971_,8.02µm
_1177_,8.02µm
net1486,8.02µm
net1359,8.02µm
_2798_,8.02µm
_3018_,8.02µm
net2444,8.02µm
_2546_,8.005µm
_1628_,8µm
_0575_,7.98µm
_1455_,7.98µm
_1692_,7.98µm
net2675,7.98µm
_2922_,7.965µm
u_wm0.u_dm.data_mem\[2\]\[7\],7.96µm
_1083_,7.94µm
_2648_,7.94µm
_1113_,7.9µm
_1142_,7.9µm
net2998,7.9µm
net2971,7.88µm
net2078,7.86µm
net2120,7.86µm
_1216_,7.86µm
_3074_,7.86µm
_2171_,7.825µm
_2501_,7.825µm
_0988_,7.82µm
_1089_,7.82µm
_2829_,7.82µm
net2531,7.82µm
net2863,7.82µm
net3010,7.82µm
_2059_,7.815µm
_2455_,7.805µm
net2461,7.8µm
net2561,7.8µm
net2580,7.8µm
net2921,7.8µm
_2699_,7.79µm
_1416_,7.78µm
_2709_,7.78µm
_3237_,7.78µm
_3303_,7.76µm
net2649,7.76µm
_0771_,7.74µm
u_wm0.u_dm.data_mem\[10\]\[30\],7.74µm
_1311_,7.7µm
_1373_,7.7µm
_1766_,7.7µm
net2834,7.7µm
net3016,7.7µm
_0935_,7.68µm
_3190_,7.68µm
_3270_,7.68µm
net2422,7.68µm
net2514,7.68µm
net2522,7.68µm
net2534,7.68µm
net2819,7.68µm
_0587_,7.66µm
net1438,7.64µm
_3066_,7.64µm
_3148_,7.64µm
net1879,7.64µm
u_wm0.u_dm.data_mem\[12\]\[0\],7.64µm
net2511,7.64µm
net2715,7.64µm
result[27],7.61µm
u_wm0.u_dm.data_mem\[10\]\[14\],7.61µm
_2817_,7.6µm
_2983_,7.6µm
u_wm0.u_dm.data_mem\[13\]\[27\],7.6µm
_1779_,7.56µm
u_wm0.u_dm.data_mem\[1\]\[30\],7.56µm
net2841,7.56µm
_2365_,7.545µm
_2471_,7.545µm
_1187_,7.54µm
_1499_,7.54µm
_2034_,7.54µm
u_wm0.u_dm.data_mem\[12\]\[23\],7.54µm
_0006_,7.52µm
_0027_,7.52µm
_0783_,7.52µm
_0841_,7.52µm
net1146,7.52µm
net1526,7.52µm
_3045_,7.52µm
_3172_,7.52µm
net2739,7.48µm
net2963,7.48µm
_2070_,7.47µm
_2409_,7.46µm
net1083,7.44µm
_2774_,7.44µm
net2515,7.44µm
_2347_,7.425µm
net1366,7.42µm
net2157,7.42µm
_1202_,7.42µm
_1722_,7.42µm
net2186,7.4µm
net2145,7.4µm
u_wm0.u_dm.data_mem\[12\]\[24\],7.4µm
u_wm0.u_dm.data_mem\[15\]\[24\],7.4µm
_2442_,7.395µm
_1566_,7.36µm
_1678_,7.36µm
net2907,7.36µm
net2628,7.34µm
net2742,7.34µm
net2801,7.34µm
net1563,7.32µm
_2464_,7.305µm
_3239_,7.3µm
u_wm0.u_dm.data_mem\[8\]\[8\],7.28µm
_2456_,7.255µm
_3349_,7.25µm
_2174_,7.245µm
_2399_,7.245µm
net2926,7.24µm
net3041,7.24µm
_1464_,7.22µm
_2879_,7.22µm
_3169_,7.22µm
_3351_,7.22µm
u_wm0.u_dm.data_mem\[14\]\[5\],7.22µm
net2812,7.22µm
_0037_,7.2µm
_1146_,7.2µm
_1406_,7.2µm
net1355,7.2µm
net1907,7.18µm
_0594_,7.18µm
_1523_,7.18µm
u_wm0.u_dm.data_mem\[12\]\[6\],7.18µm
_2631_,7.17µm
u_wm0.u_dm.data_mem\[13\]\[14\],7.16µm
_2426_,7.145µm
net2188,7.14µm
_0833_,7.14µm
_1761_,7.14µm
net2427,7.14µm
_1536_,7.125µm
net1889,7.12µm
_1712_,7.12µm
_1224_,7.1µm
u_wm0.u_dm.data_mem\[10\]\[0\],7.1µm
u_wm0.u_dm.data_mem\[2\]\[30\],7.1µm
net2581,7.1µm
_2378_,7.095µm
net1449,7.06µm
net1673,7.06µm
net1883,7.06µm
_1305_,7.06µm
_2815_,7.06µm
_3185_,7.06µm
u_wm0.u_dm.data_mem\[4\]\[24\],7.06µm
net2551,7.06µm
net2701,7.06µm
_3182_,7.005µm
_2296_,7µm
net3014,7µm
net3039,7µm
_3359_,6.98µm
_3364_,6.98µm
u_wm0.u_dm.data_mem\[11\]\[7\],6.98µm
_2081_,6.965µm
_1070_,6.94µm
_1307_,6.94µm
net1697,6.94µm
net2539,6.94µm
net2988,6.94µm
_2145_,6.905µm
net2592,6.9µm
net2830,6.9µm
net2846,6.9µm
net2910,6.9µm
_1972_,6.885µm
_2036_,6.885µm
net1516,6.88µm
_3012_,6.88µm
_3402_,6.88µm
net2423,6.88µm
net2636,6.88µm
net1809,6.86µm
net2104,6.86µm
_1150_,6.86µm
_3275_,6.86µm
_2110_,6.855µm
net2544,6.84µm
u_wm0.u_dm.data_mem\[10\]\[15\],6.82µm
_2275_,6.795µm
_2457_,6.795µm
_2182_,6.785µm
_1939_,6.78µm
net2795,6.78µm
net2837,6.78µm
U_rf0.rd\[10\]\[30\],6.76µm
net1491,6.76µm
_2010_,6.76µm
net2513,6.76µm
net2562,6.76µm
net2632,6.76µm
U_rf0.rd\[2\]\[0\],6.74µm
_1352_,6.74µm
_1475_,6.74µm
_1483_,6.74µm
_2582_,6.74µm
u_wm0.u_dm.data_mem\[2\]\[26\],6.74µm
_1793_,6.725µm
net1917,6.72µm
net1559,6.72µm
_0872_,6.72µm
_1137_,6.72µm
_1163_,6.72µm
_1186_,6.72µm
u_wm0.u_dm.data_mem\[1\]\[6\],6.72µm
u_wm0.u_dm.data_mem\[3\]\[15\],6.72µm
u_wm0.u_dm.data_mem\[7\]\[23\],6.72µm
u_wm0.u_dm.data_mem\[9\]\[6\],6.72µm
net2429,6.72µm
net2660,6.72µm
_2107_,6.715µm
_1192_,6.7µm
_2366_,6.685µm
net2187,6.66µm
net1902,6.64µm
_0603_,6.64µm
_1153_,6.64µm
_1796_,6.64µm
_1826_,6.64µm
net2507,6.64µm
net2536,6.64µm
net3022,6.64µm
_2459_,6.625µm
net1459,6.62µm
_0582_,6.605µm
_1196_,6.6µm
_1285_,6.6µm
_1447_,6.6µm
_3005_,6.6µm
u_wm0.u_dm.data_mem\[10\]\[6\],6.6µm
net2593,6.6µm
net2956,6.6µm
_3236_,6.55µm
_2049_,6.54µm
_0033_,6.52µm
net1527,6.52µm
_1707_,6.52µm
_1730_,6.52µm
_2933_,6.52µm
_3277_,6.52µm
u_wm0.u_dm.data_mem\[8\]\[27\],6.52µm
net2128,6.48µm
net2133,6.48µm
net1723,6.48µm
_1292_,6.48µm
u_wm0.u_dm.data_mem\[15\]\[0\],6.48µm
_2228_,6.445µm
net2459,6.44µm
net2654,6.44µm
net2720,6.44µm
net2867,6.44µm
net2902,6.44µm
_2331_,6.425µm
net2440,6.42µm
net2445,6.42µm
net2566,6.42µm
net2740,6.42µm
net2831,6.42µm
_0890_,6.4µm
net2137,6.38µm
_1767_,6.38µm
net2475,6.38µm
_0898_,6.36µm
_1402_,6.36µm
_1732_,6.36µm
net1177,6.36µm
u_wm0.u_dm.data_mem\[14\]\[24\],6.36µm
_2389_,6.355µm
_1912_,6.325µm
_1291_,6.32µm
_1294_,6.32µm
_1544_,6.32µm
_1739_,6.32µm
_2769_,6.32µm
_2304_,6.315µm
net1436,6.3µm
_0605_,6.3µm
_1890_,6.3µm
_3235_,6.3µm
_3288_,6.3µm
u_wm0.u_dm.data_mem\[7\]\[18\],6.3µm
net2696,6.3µm
net3029,6.3µm
_2651_,6.28µm
_3134_,6.28µm
u_wm0.u_dm.data_mem\[13\]\[8\],6.28µm
_2466_,6.275µm
_0039_,6.26µm
net2139,6.26µm
net2195,6.26µm
net1698,6.26µm
_1542_,6.26µm
_3031_,6.26µm
net2855,6.26µm
net2993,6.26µm
_2003_,6.255µm
_2450_,6.255µm
_3314_,6.24µm
_2043_,6.225µm
_2329_,6.225µm
_2363_,6.225µm
_2441_,6.225µm
_2255_,6.21µm
_1180_,6.2µm
net2416,6.2µm
_2662_,6.18µm
_2807_,6.18µm
_2821_,6.18µm
_2836_,6.18µm
net2525,6.18µm
net2899,6.18µm
_3268_,6.17µm
_1482_,6.16µm
_1710_,6.16µm
_2470_,6.155µm
_2215_,6.145µm
U_rf0.rd\[10\]\[9\],6.14µm
net2362,6.14µm
_1343_,6.14µm
net1550,6.14µm
_2748_,6.14µm
_1300_,6.12µm
_2082_,6.105µm
_2408_,6.08µm
_2411_,6.08µm
U_rf0.rd\[1\]\[10\],6.065µm
_0883_,6.06µm
_1220_,6.06µm
_3276_,6.06µm
u_wm0.u_dm.data_mem\[4\]\[31\],6.06µm
_1398_,6.04µm
_2598_,6.025µm
_1792_,6.02µm
_2131_,5.99µm
_2078_,5.985µm
_2118_,5.985µm
_2187_,5.985µm
_2330_,5.985µm
_2346_,5.985µm
_2380_,5.985µm
_2461_,5.985µm
_2508_,5.985µm
net2463,5.98µm
net2639,5.98µm
net2952,5.98µm
_1880_,5.975µm
_2385_,5.965µm
_2405_,5.965µm
net2392,5.96µm
net2485,5.96µm
net2497,5.96µm
net2810,5.96µm
net2965,5.96µm
_2231_,5.94µm
_3350_,5.94µm
u_wm0.u_dm.data_mem\[12\]\[8\],5.94µm
u_wm0.u_dm.data_mem\[9\]\[16\],5.94µm
_1794_,5.92µm
_3112_,5.92µm
_3252_,5.92µm
_3304_,5.92µm
net2559,5.92µm
_1273_,5.9µm
_3162_,5.87µm
_2084_,5.865µm
_2258_,5.865µm
_2313_,5.865µm
_2391_,5.865µm
_0595_,5.86µm
net2365,5.86µm
_1990_,5.86µm
u_wm0.u_dm.data_mem\[8\]\[24\],5.86µm
net2796,5.86µm
_2343_,5.845µm
_2604_,5.84µm
_3242_,5.84µm
net2438,5.84µm
_1165_,5.82µm
_1223_,5.82µm
_2819_,5.82µm
_2023_,5.805µm
_1045_,5.8µm
_1197_,5.8µm
_1841_,5.8µm
net1352,5.8µm
_2868_,5.8µm
net1426,5.8µm
_3198_,5.8µm
_3401_,5.8µm
u_wm0.u_dm.data_mem\[0\]\[3\],5.8µm
u_wm0.u_dm.data_mem\[13\]\[23\],5.8µm
u_wm0.u_dm.data_mem\[2\]\[14\],5.8µm
net2477,5.8µm
net2676,5.8µm
net2860,5.8µm
_2439_,5.785µm
_1813_,5.78µm
_3249_,5.78µm
_1988_,5.765µm
_2050_,5.765µm
_2264_,5.765µm
_2377_,5.765µm
_2500_,5.765µm
_1867_,5.745µm
_2414_,5.745µm
_1787_,5.74µm
net2805,5.74µm
U_rf0.rd\[7\]\[1\],5.72µm
_1084_,5.72µm
_1487_,5.72µm
_1778_,5.72µm
_1798_,5.72µm
u_wm0.u_dm.data_mem\[14\]\[30\],5.72µm
net2869,5.72µm
net2883,5.72µm
_1795_,5.715µm
_2109_,5.715µm
_0858_,5.7µm
_2042_,5.695µm
_3397_,5.685µm
net1439,5.68µm
_0596_,5.68µm
net2156,5.68µm
_0669_,5.68µm
_1332_,5.68µm
_1806_,5.68µm
_3374_,5.68µm
net2420,5.68µm
net2774,5.68µm
net2787,5.68µm
net3003,5.68µm
_2390_,5.645µm
_2401_,5.645µm
_2483_,5.645µm
_2156_,5.62µm
_2362_,5.615µm
_1008_,5.6µm
_3056_,5.6µm
_3139_,5.6µm
pc_plus4\[28\],5.6µm
net2584,5.6µm
net2931,5.6µm
_1967_,5.58µm
_1208_,5.56µm
_3398_,5.56µm
_2093_,5.525µm
_2094_,5.525µm
_2140_,5.525µm
_2338_,5.525µm
_2534_,5.525µm
net2372,5.52µm
_1550_,5.52µm
net2398,5.52µm
net2523,5.52µm
net2540,5.52µm
net2570,5.52µm
net2572,5.52µm
net2576,5.52µm
net2670,5.52µm
net2817,5.52µm
net2852,5.52µm
net2859,5.52µm
net2908,5.52µm
net2970,5.52µm
net2975,5.52µm
net2986,5.52µm
net2987,5.52µm
net3045,5.52µm
net1594,5.51µm
_2350_,5.505µm
net2131,5.5µm
net2400,5.5µm
net2617,5.5µm
_2404_,5.495µm
_3378_,5.485µm
_3323_,5.48µm
u_wm0.u_dm.data_mem\[14\]\[15\],5.48µm
_2139_,5.475µm
_2142_,5.475µm
_2232_,5.475µm
_1781_,5.46µm
_3313_,5.46µm
_1655_,5.44µm
net2829,5.4µm
net2836,5.4µm
net2850,5.4µm
net2853,5.4µm
net2906,5.4µm
net3013,5.4µm
_3161_,5.39µm
_0022_,5.38µm
_0580_,5.38µm
net2382,5.38µm
net1795,5.38µm
_1405_,5.38µm
net1558,5.38µm
_3233_,5.38µm
_3281_,5.38µm
_3316_,5.38µm
u_wm0.u_dm.data_mem\[6\]\[21\],5.38µm
net2478,5.38µm
net2500,5.38µm
net2928,5.38µm
net2979,5.38µm
_0564_,5.365µm
_1128_,5.36µm
_1229_,5.36µm
_1654_,5.36µm
_1931_,5.36µm
_2632_,5.36µm
_3325_,5.36µm
_2497_,5.355µm
_1429_,5.35µm
net1098,5.34µm
net1530,5.34µm
net1499,5.34µm
_0570_,5.34µm
_3192_,5.34µm
net2585,5.34µm
net2772,5.34µm
_2195_,5.305µm
_2033_,5.295µm
_1022_,5.28µm
net1797,5.28µm
net2614,5.28µm
_1427_,5.26µm
_1574_,5.26µm
net1450,5.26µm
_2599_,5.26µm
_2092_,5.245µm
_2351_,5.235µm
_0563_,5.225µm
net1097,5.22µm
_0059_,5.22µm
_0567_,5.22µm
_3200_,5.22µm
_2368_,5.215µm
_2214_,5.185µm
_2392_,5.185µm
_2048_,5.165µm
net2845,5.16µm
_0911_,5.14µm
_1050_,5.14µm
_1121_,5.14µm
_1410_,5.14µm
_1415_,5.14µm
_1962_,5.14µm
_2453_,5.14µm
_3009_,5.14µm
_3392_,5.14µm
net2954,5.14µm
_0896_,5.1µm
_1001_,5.1µm
_1087_,5.1µm
_1222_,5.1µm
_1699_,5.1µm
_2434_,5.095µm
_1889_,5.065µm
_2135_,5.065µm
_2285_,5.065µm
_2309_,5.065µm
net2384,5.06µm
_1918_,5.06µm
net2436,5.06µm
net2651,5.06µm
net2872,5.06µm
_2061_,5.055µm
_2245_,5.045µm
_2332_,5.045µm
_2447_,5.045µm
_2480_,5.045µm
_2491_,5.045µm
_2512_,5.045µm
net2118,5.04µm
net2409,5.04µm
U_rf0.rd\[5\]\[30\],5.02µm
net1855,5.02µm
net1390,5.02µm
_1221_,5.02µm
_1549_,5.02µm
_1822_,5.02µm
_3332_,5.02µm
net2959,5.02µm
_2468_,5.015µm
_1666_,5µm
_1679_,5µm
_1799_,5µm
_3285_,5µm
_3291_,5µm
_2248_,4.995µm
_2341_,4.995µm
_2154_,4.945µm
_2371_,4.945µm
_1266_,4.94µm
net2100,4.94µm
_2799_,4.94µm
net2925,4.94µm
_2065_,4.925µm
net1389,4.92µm
_1518_,4.92µm
_1689_,4.92µm
_2822_,4.92µm
_3163_,4.92µm
_3261_,4.92µm
_3265_,4.92µm
net2725,4.92µm
net2915,4.92µm
net2973,4.92µm
_0846_,4.9µm
_0979_,4.9µm
_1143_,4.9µm
_3360_,4.9µm
_2204_,4.895µm
_2206_,4.895µm
_2551_,4.895µm
net1413,4.88µm
_0604_,4.88µm
_1016_,4.88µm
_1135_,4.88µm
_1802_,4.88µm
_2989_,4.88µm
_3067_,4.88µm
_3386_,4.88µm
net2405,4.88µm
net2552,4.88µm
_2300_,4.865µm
_1906_,4.845µm
_1954_,4.845µm
_2101_,4.845µm
_2138_,4.845µm
_2164_,4.845µm
_2212_,4.845µm
_2241_,4.845µm
_2244_,4.845µm
_2325_,4.845µm
_2376_,4.845µm
_2416_,4.845µm
_2499_,4.845µm
net1089,4.82µm
net1568,4.82µm
net1297,4.82µm
_0571_,4.8µm
_0579_,4.8µm
_0600_,4.8µm
_0781_,4.8µm
_0932_,4.8µm
_1043_,4.8µm
_1364_,4.8µm
_1531_,4.8µm
_1785_,4.8µm
_1842_,4.8µm
_1907_,4.8µm
_1913_,4.8µm
_1968_,4.8µm
net1447,4.8µm
_3171_,4.8µm
_3173_,4.8µm
net2862,4.8µm
net2995,4.8µm
_1164_,4.78µm
_3218_,4.78µm
_2605_,4.76µm
pc_plus4\[9\],4.76µm
net2491,4.76µm
_2091_,4.725µm
_2257_,4.725µm
_2425_,4.725µm
_2539_,4.725µm
_2066_,4.705µm
_2415_,4.7µm
net1092,4.68µm
net2136,4.68µm
_1360_,4.68µm
_1733_,4.68µm
_1824_,4.68µm
_3292_,4.68µm
u_wm0.u_dm.data_mem\[5\]\[12\],4.68µm
net1103,4.66µm
_2423_,4.655µm
_2528_,4.655µm
_2177_,4.635µm
_2518_,4.635µm
_0589_,4.605µm
_2120_,4.605µm
_2317_,4.605µm
_2369_,4.605µm
_2413_,4.605µm
_2474_,4.605µm
_2496_,4.605µm
_2506_,4.605µm
_3040_,4.6µm
net2390,4.6µm
net2397,4.6µm
net2402,4.6µm
net2406,4.6µm
net2518,4.6µm
net2571,4.6µm
net2620,4.6µm
net2653,4.6µm
net2671,4.6µm
net2838,4.6µm
_2357_,4.585µm
_2381_,4.585µm
_2477_,4.585µm
_3057_,4.58µm
_3404_,4.58µm
net2927,4.58µm
net2949,4.58µm
net1515,4.56µm
_3212_,4.56µm
_3287_,4.56µm
u_wm0.u_dm.data_mem\[1\]\[0\],4.56µm
net2575,4.56µm
_2102_,4.555µm
_2360_,4.555µm
net2535,4.54µm
_1680_,4.535µm
_2024_,4.535µm
_2328_,4.535µm
_2052_,4.485µm
_2083_,4.485µm
_2148_,4.485µm
_2298_,4.485µm
_2433_,4.485µm
_2446_,4.485µm
_1168_,4.48µm
_1226_,4.48µm
_2949_,4.48µm
net1852,4.46µm
_0544_,4.46µm
_0549_,4.46µm
_0557_,4.46µm
_0591_,4.46µm
net2119,4.46µm
net2168,4.46µm
_1421_,4.46µm
net1869,4.46µm
_2009_,4.46µm
_2881_,4.46µm
_3062_,4.46µm
_3065_,4.46µm
_3072_,4.46µm
_3213_,4.46µm
_3269_,4.46µm
_3302_,4.46µm
net2415,4.46µm
net2644,4.46µm
_1358_,4.44µm
net1305,4.44µm
_0004_,4.42µm
net2132,4.42µm
_1233_,4.42µm
_1336_,4.42µm
_3152_,4.42µm
_3193_,4.42µm
net2486,4.42µm
net2517,4.42µm
net2612,4.42µm
net2672,4.42µm
net2945,4.42µm
_1911_,4.415µm
_2240_,4.385µm
_2253_,4.385µm
_2273_,4.385µm
_2333_,4.385µm
_2432_,4.385µm
net1842,4.36µm
_1690_,4.36µm
_3262_,4.36µm
net1575,4.34µm
_0584_,4.34µm
_0585_,4.34µm
_0637_,4.34µm
_0766_,4.34µm
net1750,4.34µm
_1162_,4.34µm
net1445,4.34µm
_3191_,4.34µm
u_wm0.u_dm.data_mem\[13\]\[24\],4.34µm
net2903,4.34µm
_1090_,4.32µm
_1615_,4.32µm
_3230_,4.305µm
_2236_,4.295µm
_2237_,4.265µm
_2400_,4.265µm
_2417_,4.265µm
_2505_,4.265µm
_2654_,4.255µm
net1101,4.24µm
_2039_,4.24µm
_1929_,4.23µm
_2141_,4.225µm
_0005_,4.22µm
net1159,4.22µm
net1981,4.22µm
_1188_,4.22µm
_1219_,4.22µm
_3204_,4.22µm
_3353_,4.22µm
_1677_,4.2µm
_2424_,4.195µm
_1312_,4.19µm
_1935_,4.145µm
_2060_,4.145µm
_2097_,4.145µm
_2099_,4.145µm
_2106_,4.145µm
_2111_,4.145µm
_2229_,4.145µm
_2234_,4.145µm
_2266_,4.145µm
_2302_,4.145µm
_2356_,4.145µm
_2386_,4.145µm
_2524_,4.145µm
_2527_,4.145µm
_3363_,4.145µm
_2129_,4.135µm
_2422_,4.13µm
net1915,4.12µm
_1808_,4.12µm
_3383_,4.12µm
net2977,4.12µm
net3020,4.12µm
net1364,4.1µm
_1669_,4.1µm
_3088_,4.1µm
_3231_,4.1µm
_3238_,4.1µm
_3272_,4.1µm
_3279_,4.1µm
_3365_,4.1µm
u_wm0.u_dm.data_mem\[12\]\[14\],4.1µm
net2967,4.1µm
_2103_,4.095µm
_2163_,4.095µm
_2402_,4.095µm
_0561_,4.08µm
_1810_,4.08µm
_2045_,4.075µm
_3267_,4.03µm
_3274_,4.03µm
net2143,4.02µm
_0845_,4.02µm
_1517_,4.02µm
_2051_,4.015µm
_3188_,4.01µm
net1509,4µm
_0592_,4µm
_1263_,4µm
_1417_,4µm
_1711_,4µm
_1759_,4µm
_1823_,4µm
_1924_,4µm
_2897_,4µm
_3297_,4µm
_3354_,4µm
net1982,4µm
net2688,4µm
net2849,4µm
_1241_,3.98µm
_1527_,3.98µm
net1429,3.98µm
_3250_,3.98µm
_2235_,3.975µm
_2383_,3.975µm
_2498_,3.975µm
_2540_,3.975µm
_2247_,3.955µm
_1960_,3.945µm
_2144_,3.945µm
_2522_,3.945µm
_2543_,3.945µm
_2158_,3.925µm
_2198_,3.925µm
_2238_,3.925µm
_2268_,3.925µm
_2283_,3.925µm
_2311_,3.925µm
_2410_,3.925µm
_2430_,3.925µm
_2488_,3.925µm
_2536_,3.925µm
_2549_,3.925µm
_2550_,3.925µm
net1149,3.9µm
net1151,3.9µm
_1275_,3.9µm
net1566,3.9µm
_1901_,3.9µm
_2937_,3.9µm
_0031_,3.88µm
net1160,3.88µm
_0921_,3.88µm
_1101_,3.88µm
_1110_,3.88µm
_1183_,3.88µm
_1328_,3.88µm
_1963_,3.88µm
_2396_,3.88µm
_2981_,3.88µm
_3006_,3.88µm
net2833,3.88µm
net1496,3.86µm
_1509_,3.86µm
_2069_,3.86µm
_2812_,3.86µm
_2465_,3.855µm
_2072_,3.805µm
_2270_,3.805µm
_1335_,3.78µm
_2079_,3.78µm
_2213_,3.78µm
net1100,3.78µm
_1176_,3.76µm
_1387_,3.76µm
_1522_,3.76µm
_1606_,3.76µm
_2866_,3.76µm
_3340_,3.76µm
_1743_,3.75µm
_2077_,3.735µm
_2180_,3.735µm
_2224_,3.735µm
_2287_,3.735µm
_2462_,3.735µm
_2504_,3.735µm
_2523_,3.735µm
_2548_,3.705µm
_1860_,3.685µm
_1894_,3.685µm
_2017_,3.685µm
_2026_,3.685µm
_2035_,3.685µm
_2041_,3.685µm
_2063_,3.685µm
_2136_,3.685µm
_2153_,3.685µm
_2162_,3.685µm
_2166_,3.685µm
_2170_,3.685µm
_2290_,3.685µm
_2322_,3.685µm
_2326_,3.685µm
_2335_,3.685µm
_2358_,3.685µm
_2431_,3.685µm
_2451_,3.685µm
_2458_,3.685µm
_2479_,3.685µm
_2484_,3.685µm
_3071_,3.685µm
_1167_,3.68µm
net2615,3.68µm
net2714,3.68µm
_0007_,3.66µm
_1908_,3.66µm
net2611,3.66µm
_0830_,3.64µm
_1159_,3.64µm
_2650_,3.64µm
_3251_,3.64µm
_3315_,3.64µm
_3328_,3.64µm
_3338_,3.64µm
_1978_,3.635µm
_2053_,3.635µm
_2067_,3.635µm
_2382_,3.635µm
_2429_,3.635µm
_2448_,3.635µm
_3290_,3.605µm
_1771_,3.57µm
_3102_,3.57µm
_3330_,3.57µm
_3337_,3.57µm
_3362_,3.57µm
_3368_,3.57µm
_2221_,3.565µm
_0568_,3.56µm
_0572_,3.56µm
_1777_,3.56µm
_1817_,3.56µm
_2014_,3.56µm
_2656_,3.56µm
_3159_,3.56µm
_2004_,3.545µm
_0023_,3.54µm
_0543_,3.54µm
_0578_,3.54µm
_0588_,3.54µm
_0597_,3.54µm
net1592,3.54µm
_0891_,3.54µm
_1132_,3.54µm
_1289_,3.54µm
_1814_,3.54µm
_1833_,3.54µm
_2552_,3.54µm
_3208_,3.54µm
_3241_,3.54µm
_3311_,3.54µm
u_wm0.u_dm.data_mem\[12\]\[22\],3.54µm
net2601,3.54µm
net2656,3.54µm
net2657,3.54µm
net1564,3.52µm
_1460_,3.52µm
_1514_,3.52µm
_2645_,3.52µm
_3356_,3.52µm
_2159_,3.515µm
_2202_,3.515µm
_2348_,3.515µm
_2525_,3.515µm
_2203_,3.495µm
_2008_,3.485µm
_2029_,3.485µm
_2040_,3.485µm
_2112_,3.485µm
_2307_,3.485µm
_2349_,3.485µm
_2476_,3.485µm
_1916_,3.465µm
_2047_,3.465µm
_2057_,3.465µm
_2117_,3.465µm
_2151_,3.465µm
_2191_,3.465µm
_2196_,3.465µm
_2208_,3.465µm
_2252_,3.465µm
_2262_,3.465µm
_2279_,3.465µm
_2397_,3.465µm
_2438_,3.465µm
_2443_,3.465µm
_2475_,3.465µm
_2490_,3.465µm
_2514_,3.465µm
_2529_,3.465µm
_2531_,3.465µm
_2115_,3.46µm
net1784,3.46µm
_2652_,3.455µm
net1890,3.44µm
net1463,3.44µm
_1625_,3.44µm
net1881,3.44µm
_2640_,3.425µm
net1906,3.42µm
net1905,3.42µm
net2167,3.42µm
_1490_,3.42µm
_1570_,3.42µm
_1640_,3.42µm
_1938_,3.42µm
_1957_,3.42µm
_2558_,3.42µm
_2988_,3.42µm
_2435_,3.395µm
_1966_,3.345µm
_2030_,3.345µm
_2211_,3.345µm
_2292_,3.345µm
_2367_,3.345µm
_2440_,3.345µm
_2467_,3.345µm
_2532_,3.345µm
_2168_,3.325µm
_1922_,3.32µm
_2472_,3.32µm
_2530_,3.32µm
_0569_,3.3µm
_0573_,3.3µm
_1036_,3.3µm
_1950_,3.3µm
_3248_,3.3µm
_3283_,3.3µm
net260,3.3µm
u_wm0.u_dm.data_mem\[12\]\[31\],3.3µm
_2137_,3.29µm
_1863_,3.275µm
_2104_,3.275µm
_2025_,3.225µm
_2058_,3.225µm
_2073_,3.225µm
_2095_,3.225µm
_2108_,3.225µm
_2113_,3.225µm
_2178_,3.225µm
_2184_,3.225µm
_2186_,3.225µm
_2190_,3.225µm
_2210_,3.225µm
_2254_,3.225µm
_2315_,3.225µm
_2319_,3.225µm
_2395_,3.225µm
_2482_,3.225µm
_2507_,3.225µm
_2515_,3.225µm
_2516_,3.225µm
_2542_,3.225µm
_2545_,3.225µm
_3266_,3.225µm
_3282_,3.225µm
_0602_,3.22µm
_1473_,3.22µm
_1758_,3.22µm
_1786_,3.22µm
_2958_,3.22µm
_2373_,3.215µm
_3085_,3.2µm
_3385_,3.2µm
_1485_,3.18µm
_1800_,3.18µm
_1984_,3.18µm
_3138_,3.18µm
_3305_,3.18µm
_3329_,3.18µm
_3370_,3.18µm
net120,3.18µm
net2661,3.18µm
_2038_,3.175µm
_2044_,3.175µm
_2087_,3.175µm
_2121_,3.175µm
_2132_,3.175µm
_2147_,3.175µm
_2175_,3.175µm
_2189_,3.175µm
_2205_,3.175µm
_2216_,3.175µm
_2230_,3.175µm
_2281_,3.175µm
_2340_,3.175µm
_2359_,3.175µm
_2374_,3.175µm
_2393_,3.175µm
_2463_,3.175µm
_2481_,3.175µm
_2509_,3.175µm
_1875_,3.16µm
_2013_,3.155µm
_2503_,3.155µm
_2406_,3.145µm
_3295_,3.11µm
_3327_,3.11µm
net1137,3.1µm
_1166_,3.1µm
_1428_,3.1µm
_2803_,3.1µm
_3024_,3.1µm
_2256_,3.095µm
_2324_,3.095µm
_2741_,3.085µm
_0025_,3.08µm
net1892,3.08µm
_0576_,3.08µm
_1259_,3.08µm
_1316_,3.08µm
_1741_,3.08µm
_1768_,3.08µm
_1772_,3.08µm
_1805_,3.08µm
_1819_,3.08µm
_2557_,3.08µm
_2853_,3.08µm
_2862_,3.08µm
_3273_,3.08µm
_3301_,3.08µm
_3341_,3.08µm
_3405_,3.08µm
net2452,3.08µm
net2595,3.08µm
net2832,3.08µm
_1500_,3.06µm
_2492_,3.055µm
_2188_,3µm
net1588,2.98µm
net1488,2.98µm
_0026_,2.96µm
net1512,2.96µm
_0903_,2.96µm
_0990_,2.96µm
_1073_,2.96µm
_1161_,2.96µm
_1185_,2.96µm
_1355_,2.96µm
_1501_,2.96µm
_1706_,2.96µm
net1844,2.96µm
_1925_,2.96µm
_2778_,2.96µm
_3318_,2.96µm
pc_plus4\[7\],2.96µm
_2192_,2.955µm
_3347_,2.955µm
_2086_,2.935µm
_2172_,2.935µm
_2334_,2.935µm
net1485,2.935µm
_3336_,2.925µm
_2068_,2.885µm
_2352_,2.885µm
_2119_,2.865µm
_1928_,2.86µm
_1948_,2.86µm
_2027_,2.86µm
_2116_,2.86µm
_2183_,2.86µm
_2217_,2.86µm
_2220_,2.86µm
_0000_,2.84µm
_0880_,2.84µm
_0927_,2.84µm
_0937_,2.84µm
_1154_,2.84µm
_1396_,2.84µm
_1413_,2.84µm
_1616_,2.84µm
_1811_,2.84µm
_1943_,2.84µm
_2556_,2.84µm
_3232_,2.84µm
_3260_,2.84µm
_3293_,2.84µm
_2076_,2.765µm
_2165_,2.765µm
_2201_,2.765µm
_2513_,2.765µm
_2533_,2.765µm
_0011_,2.76µm
net2383,2.76µm
_1041_,2.76µm
_1131_,2.76µm
_1713_,2.76µm
_1830_,2.76µm
net2586,2.76µm
_2157_,2.745µm
_3084_,2.74µm
_3384_,2.74µm
_3396_,2.74µm
net3000,2.74µm
_1827_,2.72µm
_3307_,2.72µm
net2957,2.72µm
_1998_,2.715µm
_2075_,2.715µm
_2130_,2.715µm
_2150_,2.715µm
_2169_,2.715µm
_2197_,2.715µm
_2207_,2.715µm
_2225_,2.715µm
_2337_,2.715µm
_2372_,2.715µm
_2375_,2.715µm
_2407_,2.715µm
_2418_,2.715µm
_2419_,2.715µm
_2428_,2.715µm
_2437_,2.715µm
_2452_,2.715µm
_2485_,2.715µm
_2537_,2.715µm
_2538_,2.715µm
_2323_,2.695µm
_1614_,2.69µm
_0028_,2.64µm
_0869_,2.64µm
_1250_,2.64µm
_1548_,2.64µm
_1668_,2.64µm
_1708_,2.64µm
_3054_,2.64µm
_1999_,2.625µm
net1920,2.62µm
_0548_,2.62µm
net1583,2.62µm
_1076_,2.62µm
_1215_,2.62µm
_1765_,2.62µm
net1178,2.62µm
_2841_,2.62µm
_3322_,2.62µm
_3367_,2.62µm
_3388_,2.62µm
pc_plus4\[1\],2.62µm
net2385,2.62µm
net2677,2.62µm
_2064_,2.595µm
_2173_,2.595µm
net1567,2.52µm
net1569,2.52µm
net1362,2.52µm
net1358,2.52µm
net1391,2.52µm
net1102,2.5µm
net1640,2.5µm
net1848,2.5µm
_1247_,2.5µm
_1260_,2.5µm
_1306_,2.5µm
_1484_,2.5µm
_1656_,2.5µm
_1788_,2.5µm
_1903_,2.5µm
net1455,2.5µm
_2997_,2.5µm
net2116,2.5µm
net2403,2.5µm
_2199_,2.405µm
_2277_,2.405µm
net1717,2.39µm
_1382_,2.38µm
_1393_,2.38µm
_1395_,2.38µm
_1820_,2.38µm
_1884_,2.38µm
_2708_,2.38µm
_3391_,2.38µm
_2032_,2.375µm
_3070_,2.305µm
_3256_,2.305µm
_1422_,2.3µm
_1770_,2.3µm
_3379_,2.3µm
_3393_,2.3µm
net2404,2.3µm
net2453,2.3µm
net2492,2.3µm
net2573,2.3µm
net2578,2.3µm
net2626,2.3µm
net2662,2.3µm
net2665,2.3µm
net2767,2.3µm
net3012,2.3µm
_2133_,2.295µm
_1734_,2.28µm
_2878_,2.28µm
_3060_,2.28µm
_3389_,2.28µm
_3395_,2.28µm
net2940,2.28µm
_1858_,2.255µm
_2364_,2.255µm
_2384_,2.255µm
_2495_,2.255µm
_2517_,2.255µm
_1651_,2.25µm
_1116_,2.2µm
_1504_,2.19µm
_3284_,2.19µm
_3296_,2.19µm
net1887,2.18µm
_1049_,2.18µm
_1812_,2.18µm
_1974_,2.18µm
net1511,2.16µm
net1361,2.16µm
net1603,2.16µm
_1126_,2.16µm
_1340_,2.16µm
_1349_,2.16µm
_1468_,2.16µm
_1780_,2.16µm
net1528,2.16µm
_2647_,2.16µm
_2746_,2.16µm
_3064_,2.16µm
_3310_,2.16µm
_3312_,2.16µm
_3331_,2.16µm
_3334_,2.16µm
_3345_,2.16µm
_3355_,2.16µm
_3366_,2.16µm
net2650,2.16µm
net2947,2.16µm
_1093_,2.06µm
_1637_,2.06µm
_1721_,2.05µm
net1435,2.04µm
net1599,2.04µm
_0774_,2.04µm
_0893_,2.04µm
_1053_,2.04µm
_1112_,2.04µm
_1230_,2.04µm
_1301_,2.04µm
_1797_,2.04µm
net1924,2.04µm
_3069_,2.04µm
_3157_,2.04µm
_3348_,2.005µm
_3377_,2.005µm
_2449_,1.915µm
net1808,1.84µm
_1687_,1.84µm
_1753_,1.84µm
net2072,1.84µm
_3219_,1.84µm
net2962,1.84µm
_1818_,1.82µm
_3078_,1.82µm
_3387_,1.82µm
net2455,1.82µm
net2984,1.82µm
_1391_,1.72µm
net2821,1.72µm
net1574,1.7µm
net1524,1.7µm
_0701_,1.7µm
_0995_,1.7µm
_1057_,1.7µm
_1058_,1.7µm
_1750_,1.7µm
_2005_,1.7µm
_2802_,1.7µm
_3063_,1.7µm
_3294_,1.7µm
_2344_,1.625µm
_2085_,1.62µm
_2222_,1.62µm
net2177,1.6µm
_1695_,1.48µm
_1494_,1.38µm
_2759_,1.38µm
_2887_,1.38µm
net1179,1.36µm
_3082_,1.36µm
_3375_,1.36µm
_1237_,1.26µm
_0916_,0.92µm
_1401_,0.92µm
_1944_,0.92µm
_3156_,0.92µm
_1403_,0.46µm
_1886_,0.46µm
_2606_,0.46µm
